second;src;dst;packetcount;src_ratio;dst_ratio;src_duration_ratio;dst_duration_ratio;TotalPacketDuration;TotalPacketLenght;src_packet_ratio;dst_packet_ratio;DioCount;DisCount;DaoCount;OtherMsg;label
1318.0;3;24;2;1.0;1.0;1.0;1.0;0.001953125;156;1.0;1.0;0;0;0;2;2
1319.0;3;24;1;1.0;1.0;1.0;1.0;1.2908935546875;78;1.0;1.0;0;0;0;3;2
1320.0;24;6;10;1.0;1.0;1.0;1.0;0.7110595703125;780;1.0;1.0;0;0;0;10;2
1321.0;24;6;42;1.0;1.0;1.0;1.0;0.9840087890625;3276;1.0;1.0;0;0;0;52;2
1322.0;24;6;9;1.0;1.0;1.0;1.0;0.8370361328125;702;1.0;1.0;0;0;0;61;2
1323.0;9;27;20;1.0;1.0;1.0;1.0;0.8619384765625;1980;1.0;1.0;0;0;0;20;2
1324.0;9;27;28;1.0;1.0;1.0;1.0;0.8740234375;2772;1.0;1.0;0;0;0;48;2
1325.0;9;27;5;0.625;1.0;0.6449965834617615;1.0;0.6939697265625;495;0.625;1.0;0;0;0;53;2
1325.0;26;27;3;0.375;1.0;0.3550034165382385;1.0;0.3819580078125;297;0.375;1.0;0;0;0;3;2
1326.0;26;27;23;1.0;1.0;1.0;1.0;0.9110107421875;2277;1.0;1.0;0;0;0;26;2
1327.0;26;27;24;1.0;1.0;1.0;1.0;0.9920654296875;2376;1.0;1.0;0;0;0;50;2
1328.0;26;27;3;1.0;1.0;1.0;1.0;2.1180419921875;297;1.0;1.0;0;0;0;53;2
1330.0;18;27;25;1.0;1.0;1.0;1.0;0.8599853515625;2475;1.0;1.0;0;0;0;25;2
1331.0;18;27;24;1.0;1.0;1.0;1.0;0.990966796875;2376;1.0;1.0;0;0;0;49;2
1332.0;18;27;4;0.13793103396892548;1.0;0.1425526887178421;1.0;0.14697265625;396;0.13793103396892548;1.0;0;0;0;53;2
1332.0;15;27;25;0.8620689511299133;1.0;0.8574473261833191;1.0;0.884033203125;2475;0.8620689511299133;1.0;0;0;0;25;2
1333.0;15;27;25;0.8620689511299133;1.0;0.7835829854011536;1.0;0.81103515625;2475;0.8620689511299133;1.0;0;0;0;50;2
1333.0;12;27;4;0.13793103396892548;1.0;0.21641702950000763;1.0;0.2239990234375;396;0.13793103396892548;1.0;0;0;0;4;2
1334.0;15;27;3;0.09375;1.0;0.026325978338718414;1.0;0.02490234375;297;0.09375;1.0;0;0;0;53;2
1334.0;12;27;29;0.90625;1.0;0.9736739993095398;1.0;0.9210205078125;2871;0.90625;1.0;0;0;0;33;2
1335.0;12;27;17;1.0;1.0;1.0;1.0;0.97900390625;1683;1.0;1.0;0;0;0;50;2
1336.0;12;27;3;0.11538461595773697;0.11538461595773697;0.31871911883354187;0.31871911883354187;0.362060546875;297;0.1420373022556305;0.1420373022556305;0;0;0;53;2
1336.0;8;26;23;0.8846153616905212;0.8846153616905212;0.6812809109687805;0.6812809109687805;0.77392578125;1794;0.8579626679420471;0.8579626679420471;0;0;0;23;2
1337.0;26;11;38;1.0;1.0;1.0;1.0;0.6639404296875;2964;1.0;1.0;0;0;0;38;2
1338.0;26;11;4;0.12903225421905518;0.12903225421905518;0.17985893785953522;0.17985893785953522;0.112060546875;312;0.12903225421905518;0.12903225421905518;0;0;0;42;2
1338.0;11;0;27;0.8709677457809448;0.8709677457809448;0.820141077041626;0.820141077041626;0.510986328125;2106;0.8709677457809448;0.8709677457809448;0;0;0;27;2
1339.0;11;0;4;0.25;0.25;0.4199887216091156;0.4199887216091156;0.4539794921875;312;0.20800000429153442;0.20800000429153442;0;0;0;31;2
1339.0;13;27;12;0.75;0.75;0.5800113081932068;0.5800113081932068;0.626953125;1188;0.7919999957084656;0.7919999957084656;0;0;0;12;2
1340.0;13;27;29;1.0;1.0;1.0;1.0;0.9190673828125;2871;1.0;1.0;0;0;0;41;2
1341.0;13;27;10;1.0;1.0;1.0;1.0;0.9849853515625;990;1.0;1.0;0;0;0;51;2
1342.0;13;27;2;1.0;1.0;1.0;1.0;1.68701171875;198;1.0;1.0;0;0;0;53;2
1343.0;25;11;3;1.0;1.0;1.0;1.0;0.471923828125;312;1.0;1.0;0;0;0;3;2
1344.0;25;11;28;0.7567567825317383;0.7567567825317383;0.7891661524772644;0.7891661524772644;0.6099853515625;2912;0.8057553768157959;0.8057553768157959;0;0;0;31;2
1344.0;12;9;7;0.18918919563293457;0.18918919563293457;0.20562224090099335;0.20562224090099335;0.158935546875;546;0.15107913315296173;0.15107913315296173;0;0;0;7;2
1344.0;9;22;2;0.054054055362939835;0.054054055362939835;0.005211623385548592;0.005211623385548592;0.0040283203125;156;0.04316546767950058;0.04316546767950058;0;0;0;2;2
1345.0;25;11;20;0.4651162922382355;0.4651162922382355;0.2171233743429184;0.2171233743429184;0.2021484375;2080;0.536912739276886;0.536912739276886;0;0;0;51;2
1345.0;12;9;5;0.11627907305955887;0.11627907305955887;0.1042349562048912;0.1042349562048912;0.0970458984375;390;0.10067114233970642;0.10067114233970642;0;0;0;12;2
1345.0;9;22;18;0.41860464215278625;0.41860464215278625;0.678641676902771;0.678641676902771;0.6318359375;1404;0.3624161183834076;0.3624161183834076;0;0;0;20;2
1346.0;25;11;3;0.06976744532585144;0.06976744532585144;0.06361354887485504;0.06361354887485504;0.0618896484375;312;0.09090909361839294;0.09090909361839294;0;0;0;54;2
1346.0;9;22;3;0.06976744532585144;0.06976744532585144;0.04115432873368263;0.04115432873368263;0.0400390625;234;0.06818182021379471;0.06818182021379471;0;0;0;23;2
1346.0;22;16;37;0.8604651093482971;0.8604651093482971;0.8952321410179138;0.8952321410179138;0.8709716796875;2886;0.8409090638160706;0.8409090638160706;0;0;0;37;2
1347.0;22;16;12;0.31578946113586426;0.31578946113586426;0.25387462973594666;0.25387462973594666;0.2259521484375;936;0.31578946113586426;0.31578946113586426;0;0;0;49;2
1347.0;16;6;26;0.6842105388641357;0.6842105388641357;0.746125340461731;0.746125340461731;0.6640625;2028;0.6842105388641357;0.6842105388641357;0;0;0;26;2
1348.0;22;16;4;0.0833333358168602;0.0833333358168602;0.1647331714630127;0.1647331714630127;0.156005859375;312;0.0833333358168602;0.0833333358168602;0;0;0;53;2
1348.0;6;0;38;0.7916666865348816;0.7916666865348816;0.758185088634491;0.758185088634491;0.718017578125;2964;0.7916666865348816;0.7916666865348816;0;0;0;38;2
1348.0;16;6;6;0.125;0.125;0.07708172500133514;0.07708172500133514;0.072998046875;468;0.125;0.125;0;0;0;32;2
1349.0;6;0;2;1.0;1.0;1.0;1.0;0.02099609375;156;1.0;1.0;0;0;0;40;2
1351.0;12;9;3;1.0;1.0;1.0;1.0;1.1259765625;312;1.0;1.0;0;0;0;15;2
1352.0;12;9;1;1.0;1.0;1.0;1.0;0.010009765625;104;1.0;1.0;0;0;0;16;2
1353.0;3;24;4;1.0;1.0;1.0;1.0;0.6390380859375;312;1.0;1.0;0;0;0;7;2
1354.0;24;6;36;1.0;1.0;1.0;1.0;1.6729736328125;2808;1.0;1.0;0;0;0;97;2
1355.0;24;6;19;1.0;1.0;1.0;1.0;0.176025390625;1482;1.0;1.0;0;0;0;116;2
1356.0;24;6;6;1.0;1.0;1.0;1.0;0.001953125;468;1.0;1.0;0;0;0;122;2
1357.0;16;24;5;1.0;1.0;1.0;1.0;0.3590087890625;520;1.0;1.0;0;0;0;5;2
1358.0;16;24;23;1.0;1.0;1.0;1.0;0.928955078125;2392;1.0;1.0;0;0;0;28;2
1359.0;16;24;3;1.0;1.0;1.0;1.0;1.1099853515625;312;1.0;1.0;0;0;0;31;2
1360.0;12;27;26;1.0;1.0;1.0;1.0;0.965087890625;2574;1.0;1.0;0;0;0;79;2
1361.0;12;27;21;1.0;1.0;1.0;1.0;0.9208984375;2079;1.0;1.0;0;0;0;100;2
1362.0;12;27;6;0.6000000238418579;1.0;0.6259055733680725;1.0;0.696044921875;594;0.6000000238418579;1.0;0;0;0;106;2
1362.0;19;27;4;0.4000000059604645;1.0;0.3740943968296051;1.0;0.416015625;396;0.4000000059604645;1.0;0;0;0;4;2
1363.0;19;27;29;1.0;1.0;1.0;1.0;0.928955078125;2871;1.0;1.0;0;0;0;33;2
1364.0;19;27;15;1.0;1.0;1.0;1.0;0.986083984375;1485;1.0;1.0;0;0;0;48;2
1365.0;19;27;5;1.0;1.0;1.0;1.0;5.3519287109375;495;1.0;1.0;0;0;0;53;2
1370.0;3;22;14;1.0;1.0;1.0;1.0;0.26708984375;1456;1.0;1.0;0;0;0;14;2
1373.0;2;20;7;1.0;1.0;1.0;1.0;0.214111328125;728;1.0;1.0;0;0;0;7;2
1374.0;17;8;27;1.0;1.0;1.0;1.0;0.924072265625;2808;1.0;1.0;0;0;0;27;2
1375.0;17;8;5;0.29411765933036804;0.29411765933036804;0.5210477113723755;0.5210477113723755;0.407958984375;520;0.3044496476650238;0.3044496476650238;0;0;0;32;2
1375.0;23;27;12;0.7058823704719543;0.7058823704719543;0.4789522886276245;0.4789522886276245;0.375;1188;0.6955503225326538;0.6955503225326538;0;0;0;12;2
1376.0;23;27;30;1.0;1.0;1.0;1.0;0.91796875;2970;1.0;1.0;0;0;0;42;2
1377.0;23;27;9;1.0;1.0;1.0;1.0;0.9820556640625;891;1.0;1.0;0;0;0;51;2
1378.0;23;27;2;1.0;1.0;1.0;1.0;4.43798828125;198;1.0;1.0;0;0;0;53;2
1382.0;15;5;13;1.0;1.0;1.0;1.0;0.6649169921875;1352;1.0;1.0;13;0;0;0;2
1383.0;15;5;20;0.6451612710952759;0.6451612710952759;0.6442071795463562;0.6442071795463562;0.5450439453125;2080;0.6563584804534912;0.6563584804534912;20;0;0;0;2
1383.0;12;27;11;0.35483869910240173;0.35483869910240173;0.3557928204536438;0.3557928204536438;0.301025390625;1089;0.3436415195465088;0.3436415195465088;0;0;0;117;2
1384.0;15;5;3;0.0833333358168602;0.0833333358168602;0.09839381277561188;0.09839381277561188;0.1009521484375;312;0.08717519044876099;0.08717519044876099;3;0;0;0;2
1384.0;12;27;33;0.9166666865348816;0.9166666865348816;0.9016062021255493;0.9016062021255493;0.925048828125;3267;0.912824809551239;0.912824809551239;0;0;0;150;2
1385.0;12;27;8;1.0;1.0;1.0;1.0;0.9779052734375;792;1.0;1.0;0;0;0;158;2
1386.0;12;27;1;1.0;1.0;1.0;1.0;5.738037109375;99;1.0;1.0;0;0;0;159;2
1391.0;18;27;5;1.0;1.0;1.0;1.0;0.3819580078125;495;1.0;1.0;0;0;0;58;2
1392.0;18;27;34;1.0;1.0;1.0;1.0;0.927001953125;3366;1.0;1.0;0;0;0;92;2
1393.0;18;27;12;1.0;1.0;1.0;1.0;1.02001953125;1188;1.0;1.0;0;0;0;104;2
1394.0;18;27;2;1.0;1.0;1.0;1.0;2.05908203125;198;1.0;1.0;0;0;0;106;2
1396.0;22;27;24;1.0;1.0;1.0;1.0;0.907958984375;2376;1.0;1.0;0;0;0;24;2
1397.0;22;27;29;1.0;1.0;1.0;1.0;1.3289794921875;2871;1.0;1.0;0;0;0;53;2
1398.0;12;9;21;1.0;1.0;1.0;1.0;0.718017578125;1638;1.0;1.0;0;0;0;37;2
1399.0;12;9;30;0.7692307829856873;0.7692307829856873;0.6069530844688416;0.6069530844688416;0.488037109375;2340;0.7692307829856873;0.7692307829856873;0;0;0;67;2
1399.0;9;22;9;0.23076923191547394;0.23076923191547394;0.39304691553115845;0.39304691553115845;0.3160400390625;702;0.23076923191547394;0.23076923191547394;0;0;0;32;2
1400.0;12;9;5;0.12820513546466827;0.12820513546466827;0.14846259355545044;0.14846259355545044;0.157958984375;390;0.12820513546466827;0.12820513546466827;0;0;0;72;2
1400.0;9;22;12;0.3076923191547394;0.3076923191547394;0.41922900080680847;0.41922900080680847;0.446044921875;936;0.3076923191547394;0.3076923191547394;0;0;0;44;2
1400.0;22;16;22;0.5641025900840759;0.5641025900840759;0.4323084056377411;0.4323084056377411;0.4599609375;1716;0.5641025900840759;0.5641025900840759;0;0;0;75;2
1401.0;22;16;27;0.6585366129875183;0.6585366129875183;0.563683032989502;0.563683032989502;0.428955078125;2106;0.6585366129875183;0.6585366129875183;0;0;0;102;2
1401.0;16;6;14;0.3414634168148041;0.3414634168148041;0.43631696701049805;0.43631696701049805;0.33203125;1092;0.3414634168148041;0.3414634168148041;0;0;0;46;2
1402.0;22;16;3;0.09375;0.09375;0.056661006063222885;0.056661006063222885;0.0570068359375;234;0.08515284210443497;0.08515284210443497;0;0;0;105;2
1402.0;16;6;17;0.53125;0.53125;0.39966028928756714;0.39966028928756714;0.402099609375;1326;0.4825327396392822;0.4825327396392822;0;0;0;63;2
1402.0;7;27;12;0.375;0.375;0.5436787009239197;0.5436787009239197;0.5469970703125;1188;0.432314395904541;0.432314395904541;0;0;0;12;2
1403.0;7;27;30;1.0;1.0;1.0;1.0;0.9169921875;2970;1.0;1.0;0;0;0;42;2
1404.0;7;27;11;0.6875;0.6875;0.9487317800521851;0.9487317800521851;1.072998046875;1089;0.7363083362579346;0.7363083362579346;0;0;0;53;2
1404.0;6;0;5;0.3125;0.3125;0.051268212497234344;0.051268212497234344;0.0579833984375;390;0.2636916935443878;0.2636916935443878;0;0;0;45;2
1405.0;6;0;42;1.0;1.0;1.0;1.0;0.8389892578125;3276;1.0;1.0;0;0;0;87;2
1406.0;6;0;6;0.5;0.5;0.7450457215309143;0.7450457215309143;0.7159423828125;468;0.4285714328289032;0.4285714328289032;0;0;0;93;2
1406.0;14;23;6;0.5;0.5;0.2549542784690857;0.2549542784690857;0.2449951171875;624;0.5714285969734192;0.5714285969734192;0;0;0;6;2
1407.0;6;0;7;0.24137930572032928;0.24137930572032928;0.09616101533174515;0.09616101533174515;0.06298828125;546;0.19402985274791718;0.19402985274791718;0;0;0;100;2
1407.0;14;23;18;0.6206896305084229;0.6206896305084229;0.5283265113830566;0.5283265113830566;0.3460693359375;1872;0.6652451753616333;0.6652451753616333;0;0;0;24;2
1407.0;8;27;4;0.13793103396892548;0.13793103396892548;0.3755124807357788;0.3755124807357788;0.2459716796875;396;0.14072494208812714;0.14072494208812714;0;0;0;4;2
1408.0;14;23;3;0.0882352963089943;0.0882352963089943;0.031709201633930206;0.031709201633930206;0.030029296875;312;0.09228038787841797;0.09228038787841797;0;0;0;27;2
1408.0;8;27;31;0.9117646813392639;0.9117646813392639;0.9682908058166504;0.9682908058166504;0.9169921875;3069;0.907719612121582;0.907719612121582;0;0;0;35;2
1409.0;8;27;16;1.0;1.0;1.0;1.0;1.044921875;1584;1.0;1.0;0;0;0;51;2
1410.0;8;27;2;0.07999999821186066;1.0;0.1769566684961319;1.0;0.1829833984375;198;0.07999999821186066;1.0;0;0;0;53;2
1410.0;12;27;23;0.9200000166893005;1.0;0.8230433464050293;1.0;0.85107421875;2277;0.9200000166893005;1.0;0;0;0;182;2
1411.0;12;27;30;1.0;1.0;1.0;1.0;3.613037109375;2970;1.0;1.0;0;0;0;212;2
1414.0;12;22;4;1.0;1.0;1.0;1.0;0.419921875;312;1.0;1.0;0;0;0;4;2
1415.0;12;22;20;0.42553192377090454;0.42553192377090454;0.41979336738586426;0.41979336738586426;0.376953125;1560;0.42553192377090454;0.42553192377090454;0;0;0;24;2
1415.0;22;16;27;0.5744680762290955;0.5744680762290955;0.5802066326141357;0.5802066326141357;0.52099609375;2106;0.5744680762290955;0.5744680762290955;0;0;0;132;2
1416.0;22;16;22;0.4888888895511627;0.4888888895511627;0.5619519352912903;0.5619519352912903;0.4849853515625;1716;0.4888888895511627;0.4888888895511627;0;0;0;154;2
1416.0;16;6;23;0.5111111402511597;0.5111111402511597;0.4380480945110321;0.4380480945110321;0.3780517578125;1794;0.5111111402511597;0.5111111402511597;0;0;0;86;2
1417.0;22;16;2;0.05714285746216774;0.05714285746216774;0.10642066597938538;0.10642066597938538;0.0880126953125;156;0.05714285746216774;0.05714285746216774;0;0;0;156;2
1417.0;16;6;9;0.2571428716182709;0.2571428716182709;0.17284132540225983;0.17284132540225983;0.1429443359375;702;0.2571428716182709;0.2571428716182709;0;0;0;95;2
1417.0;6;0;24;0.6857143044471741;0.6857143044471741;0.7207379937171936;0.7207379937171936;0.5960693359375;1872;0.6857143044471741;0.6857143044471741;0;0;0;124;2
1418.0;16;6;1;0.10000000149011612;0.10000000149011612;0.18009768426418304;0.18009768426418304;0.0360107421875;78;0.10000000149011612;0.10000000149011612;0;0;0;96;2
1418.0;6;0;9;0.8999999761581421;0.8999999761581421;0.8199023008346558;0.8199023008346558;0.1639404296875;702;0.8999999761581421;0.8999999761581421;0;0;0;133;2
1419.0;6;0;8;0.6666666865348816;0.6666666865348816;0.5305123925209045;0.5305123925209045;0.2249755859375;624;0.6000000238418579;0.6000000238418579;0;0;0;141;2
1419.0;7;17;4;0.3333333432674408;0.3333333432674408;0.46948760747909546;0.46948760747909546;0.1990966796875;416;0.4000000059604645;0.4000000059604645;0;0;0;4;2
1421.0;17;7;16;1.0;1.0;1.0;1.0;0.8359375;1248;1.0;1.0;0;0;0;16;2
1422.0;7;11;35;0.8333333134651184;0.8333333134651184;0.8035294413566589;0.8035294413566589;0.6669921875;2730;0.8333333134651184;0.8333333134651184;0;0;0;35;2
1422.0;17;7;7;0.1666666716337204;0.1666666716337204;0.19647058844566345;0.19647058844566345;0.1630859375;546;0.1666666716337204;0.1666666716337204;0;0;0;23;2
1423.0;17;7;6;0.11538461595773697;0.11538461595773697;0.006868517026305199;0.006868517026305199;0.0059814453125;468;0.11538461595773697;0.11538461595773697;0;0;0;29;2
1423.0;7;11;14;0.26923078298568726;0.26923078298568726;0.43860387802124023;0.43860387802124023;0.3819580078125;1092;0.26923078298568726;0.26923078298568726;0;0;0;49;2
1423.0;11;0;32;0.6153846383094788;0.6153846383094788;0.5545276403427124;0.5545276403427124;0.48291015625;2496;0.6153846383094788;0.6153846383094788;0;0;0;63;2
1424.0;7;11;7;1.0;1.0;1.0;1.0;0.0750732421875;546;1.0;1.0;0;0;0;56;2
1425.0;12;22;4;1.0;1.0;1.0;1.0;0.14599609375;416;1.0;1.0;0;0;0;28;2
1426.0;18;9;22;1.0;1.0;1.0;1.0;0.7689208984375;2288;1.0;1.0;0;0;0;22;2
1427.0;18;9;17;1.0;1.0;1.0;1.0;0.3499755859375;1768;1.0;1.0;0;0;0;39;2
1428.0;18;9;5;1.0;1.0;1.0;1.0;3.051025390625;520;1.0;1.0;0;0;0;44;2
1431.0;4;25;44;1.0;1.0;1.0;1.0;1.113037109375;3432;1.0;1.0;0;0;0;44;2
1432.0;14;4;39;0.7358490824699402;0.7358490824699402;0.7216631174087524;0.7216631174087524;0.533935546875;3042;0.7358490824699402;0.7358490824699402;0;0;0;39;2
1432.0;6;0;8;0.15094339847564697;0.15094339847564697;0.25540339946746826;0.25540339946746826;0.18896484375;624;0.15094339847564697;0.15094339847564697;0;0;0;149;2
1432.0;4;25;6;0.11320754885673523;0.11320754885673523;0.022933509200811386;0.022933509200811386;0.0169677734375;468;0.11320754885673523;0.11320754885673523;0;0;0;50;2
1433.0;14;4;33;0.5409836173057556;0.5409836173057556;0.40875381231307983;0.40875381231307983;0.410400390625;2574;0.5409836173057556;0.5409836173057556;0;0;0;72;2
1433.0;6;0;28;0.4590163826942444;0.4590163826942444;0.5912461876869202;0.5912461876869202;0.5936279296875;2184;0.4590163826942444;0.4590163826942444;0;0;0;177;2
1434.0;14;4;34;0.6071428656578064;0.6071428656578064;0.43934592604637146;0.43934592604637146;0.423095703125;2652;0.6071428656578064;0.6071428656578064;0;0;0;106;2
1434.0;6;0;22;0.3928571343421936;0.3928571343421936;0.5606541037559509;0.5606541037559509;0.5399169921875;1716;0.3928571343421936;0.3928571343421936;0;0;0;199;2
1435.0;14;4;11;0.3333333432674408;0.3333333432674408;0.19741855561733246;0.19741855561733246;0.196044921875;858;0.2865731418132782;0.2865731418132782;0;0;0;117;2
1435.0;6;0;2;0.06060606241226196;0.06060606241226196;0.19139520823955536;0.19139520823955536;0.1900634765625;156;0.05210420861840248;0.05210420861840248;0;0;0;201;2
1435.0;12;27;20;0.6060606241226196;0.6060606241226196;0.6111862063407898;0.6111862063407898;0.60693359375;1980;0.6613226532936096;0.6613226532936096;0;0;0;232;2
1436.0;14;4;2;0.05882352963089943;0.05882352963089943;0.0055447472259402275;0.0055447472259402275;0.0069580078125;156;0.04693140834569931;0.04693140834569931;0;0;0;119;2
1436.0;12;27;32;0.9411764740943909;0.9411764740943909;0.9944552779197693;0.9944552779197693;1.2479248046875;3168;0.9530686140060425;0.9530686140060425;0;0;0;264;2
1437.0;25;6;21;0.9545454382896423;0.9545454382896423;0.625695526599884;0.625695526599884;0.4530029296875;1638;0.9430052042007446;0.9430052042007446;0;0;0;21;2
1437.0;12;27;1;0.04545454680919647;0.04545454680919647;0.37430450320243835;0.37430450320243835;0.27099609375;99;0.05699481815099716;0.05699481815099716;0;0;0;265;2
1438.0;25;6;15;1.0;1.0;1.0;1.0;0.343017578125;1170;1.0;1.0;0;0;0;36;2
1439.0;25;6;8;1.0;1.0;1.0;1.0;17.7769775390625;624;1.0;1.0;0;0;0;44;2
1456.0;12;27;1;1.0;1.0;1.0;1.0;0.30810546875;99;1.0;1.0;0;0;0;266;2
1457.0;12;27;31;1.0;1.0;1.0;1.0;0.928955078125;3069;1.0;1.0;0;0;0;297;2
1458.0;12;27;17;1.0;1.0;1.0;1.0;1.0030517578125;1683;1.0;1.0;0;0;0;314;2
1459.0;12;27;4;1.0;1.0;1.0;1.0;5.6429443359375;396;1.0;1.0;0;0;0;318;2
1464.0;9;27;3;1.0;1.0;1.0;1.0;0.530029296875;297;1.0;1.0;0;0;0;56;2
1465.0;9;27;27;1.0;1.0;1.0;1.0;0.802978515625;2673;1.0;1.0;0;0;0;83;2
1466.0;9;27;21;1.0;1.0;1.0;1.0;1.0350341796875;2079;1.0;1.0;0;0;0;104;2
1467.0;9;27;2;1.0;1.0;1.0;1.0;1.638916015625;198;1.0;1.0;0;0;0;106;2
1468.0;24;16;4;1.0;1.0;1.0;1.0;0.404052734375;416;1.0;1.0;0;0;0;4;2
1469.0;24;16;39;1.0;1.0;1.0;1.0;0.7779541015625;4056;1.0;1.0;0;0;0;43;2
1470.0;24;16;8;0.8888888955116272;0.8888888955116272;0.7229260802268982;0.7229260802268982;0.801025390625;832;0.8936627507209778;0.8936627507209778;0;0;0;51;2
1470.0;17;27;1;0.1111111119389534;0.1111111119389534;0.2770739197731018;0.2770739197731018;0.3070068359375;99;0.10633727163076401;0.10633727163076401;0;0;0;1;2
1471.0;17;27;28;1.0;1.0;1.0;1.0;0.906982421875;2772;1.0;1.0;0;0;0;29;2
1472.0;17;27;21;0.5526315569877625;0.5526315569877625;0.5299484133720398;0.5299484133720398;0.5389404296875;2079;0.5404211282730103;0.5404211282730103;0;0;0;50;2
1472.0;12;22;17;0.44736841320991516;0.44736841320991516;0.4700516164302826;0.4700516164302826;0.47802734375;1768;0.45957890152931213;0.45957890152931213;0;0;0;45;2
1473.0;17;27;3;0.09090909361839294;0.939393937587738;0.06196554750204086;0.867021918296814;0.06103515625;297;0.09063167870044708;0.9365273118019104;0;0;0;53;2
1473.0;21;27;28;0.8484848737716675;0.939393937587738;0.8050563931465149;0.867021918296814;0.79296875;2772;0.8458956480026245;0.9365273118019104;0;0;0;28;2
1473.0;12;22;2;0.06060606241226196;0.06060606241226196;0.13297806680202484;0.13297806680202484;0.1309814453125;208;0.0634726881980896;0.0634726881980896;0;0;0;47;2
1474.0;21;27;19;1.0;1.0;1.0;1.0;0.9830322265625;1881;1.0;1.0;0;0;0;47;2
1475.0;21;27;6;1.0;1.0;1.0;1.0;2.4429931640625;594;1.0;1.0;0;0;0;53;2
1477.0;26;24;2;1.0;1.0;1.0;1.0;0.071044921875;208;1.0;1.0;0;0;0;2;2
1479.0;18;17;4;0.3636363744735718;0.3636363744735718;0.183995321393013;0.183995321393013;0.076904296875;312;0.3636363744735718;0.3636363744735718;0;0;0;4;2
1479.0;17;7;7;0.6363636255264282;0.6363636255264282;0.8160046935081482;0.8160046935081482;0.341064453125;546;0.6363636255264282;0.6363636255264282;0;0;0;36;2
1480.0;7;11;37;0.7400000095367432;0.7400000095367432;0.7900285124778748;0.7900285124778748;0.677001953125;2886;0.7400000095367432;0.7400000095367432;0;0;0;93;2
1480.0;17;7;13;0.25999999046325684;0.25999999046325684;0.20997151732444763;0.20997151732444763;0.179931640625;1014;0.25999999046325684;0.25999999046325684;0;0;0;49;2
1481.0;17;7;4;0.08888889104127884;0.08888889104127884;0.10086490213871002;0.10086490213871002;0.10107421875;312;0.08888889104127884;0.08888889104127884;0;0;0;53;2
1481.0;11;0;32;0.7111111283302307;0.7111111283302307;0.6925325989723206;0.6925325989723206;0.6939697265625;2496;0.7111111283302307;0.7111111283302307;0;0;0;95;2
1481.0;7;11;9;0.20000000298023224;0.20000000298023224;0.20660251379013062;0.20660251379013062;0.20703125;702;0.20000000298023224;0.20000000298023224;0;0;0;102;2
1482.0;7;11;10;1.0;1.0;1.0;1.0;0.0050048828125;780;1.0;1.0;0;0;0;112;2
1490.0;13;27;27;1.0;1.0;1.0;1.0;1.0089111328125;2673;1.0;1.0;0;0;0;80;2
1491.0;13;27;23;1.0;1.0;1.0;1.0;0.903076171875;2277;1.0;1.0;0;0;0;103;2
1492.0;13;27;3;0.25;0.25;0.4339495003223419;0.4339495003223419;0.469970703125;297;0.24087591469287872;0.24087591469287872;0;0;0;106;2
1492.0;12;22;9;0.75;0.75;0.5660504698753357;0.5660504698753357;0.613037109375;936;0.7591241002082825;0.7591241002082825;0;0;0;56;2
1493.0;12;22;15;1.0;1.0;1.0;1.0;0.9010009765625;1560;1.0;1.0;0;0;0;71;2
1494.0;12;22;5;1.0;1.0;1.0;1.0;1.5789794921875;520;1.0;1.0;0;0;0;76;2
1495.0;8;25;6;1.0;1.0;1.0;1.0;1.27001953125;624;1.0;1.0;0;0;0;6;2
1496.0;8;25;10;1.0;1.0;1.0;1.0;0.0780029296875;1040;1.0;1.0;0;0;0;16;2
1497.0;1;15;16;1.0;1.0;1.0;1.0;0.50390625;1664;1.0;1.0;0;0;0;16;2
1499.0;19;22;16;1.0;1.0;1.0;1.0;0.382080078125;1664;1.0;1.0;0;0;0;16;2
1500.0;22;19;4;1.0;1.0;1.0;1.0;0.0699462890625;416;1.0;1.0;0;0;0;4;2
1501.0;13;9;26;1.0;1.0;1.0;1.0;1.6239013671875;2704;1.0;1.0;0;0;0;26;2
1502.0;13;9;6;1.0;1.0;1.0;1.0;0.18505859375;624;1.0;1.0;0;0;0;32;2
1503.0;13;9;1;0.125;0.125;0.003244119929149747;0.003244119929149747;0.0009765625;104;0.125;0.125;0;0;0;33;2
1503.0;12;22;7;0.875;0.875;0.9967558979988098;0.9967558979988098;0.300048828125;728;0.875;0.875;0;0;0;83;2
1509.0;11;20;15;1.0;1.0;1.0;1.0;0.3599853515625;1560;1.0;1.0;0;0;0;15;2
1510.0;11;20;4;1.0;1.0;1.0;1.0;1.716064453125;416;1.0;1.0;0;0;0;19;2
1511.0;3;22;2;1.0;1.0;1.0;1.0;0.4019775390625;208;1.0;1.0;0;0;0;16;2
1512.0;3;22;20;1.0;1.0;1.0;1.0;0.526123046875;2080;1.0;1.0;0;0;0;36;2
1513.0;3;22;3;1.0;1.0;1.0;1.0;3.0599365234375;312;1.0;1.0;0;0;0;39;2
1516.0;5;27;34;1.0;1.0;1.0;1.0;0.9150390625;3366;1.0;1.0;0;0;0;34;2
1517.0;5;27;16;0.5333333611488342;1.0;0.47951218485832214;1.0;0.47998046875;1584;0.5333333611488342;1.0;0;0;0;50;2
1517.0;6;27;14;0.46666666865348816;1.0;0.5204877853393555;1.0;0.52099609375;1386;0.46666666865348816;1.0;0;0;0;14;2
1518.0;5;27;3;0.1071428582072258;1.0;0.07894736528396606;1.0;0.0780029296875;297;0.1071428582072258;1.0;0;0;0;53;2
1518.0;6;27;25;0.8928571343421936;1.0;0.9210526347160339;1.0;0.9100341796875;2475;0.8928571343421936;1.0;0;0;0;39;2
1519.0;6;27;12;1.0;1.0;1.0;1.0;1.011962890625;1188;1.0;1.0;0;0;0;51;2
1520.0;6;27;2;1.0;1.0;1.0;1.0;1.385009765625;198;1.0;1.0;0;0;0;53;2
1521.0;4;27;10;1.0;1.0;1.0;1.0;0.6639404296875;990;1.0;1.0;0;0;0;10;2
1522.0;4;27;36;1.0;1.0;1.0;1.0;0.9329833984375;3564;1.0;1.0;0;0;0;46;2
1523.0;4;27;7;0.3888888955116272;0.3888888955116272;0.644444465637207;0.644444465637207;0.7540283203125;693;0.44680851697921753;0.44680851697921753;0;0;0;53;2
1523.0;16;6;11;0.6111111044883728;0.6111111044883728;0.35555556416511536;0.35555556416511536;0.416015625;858;0.5531914830207825;0.5531914830207825;0;0;0;107;2
1524.0;24;6;28;0.6666666865348816;1.0;0.7837246656417847;1.0;0.656005859375;2184;0.6666666865348816;1.0;0;0;0;150;2
1524.0;16;6;14;0.3333333432674408;1.0;0.21627533435821533;1.0;0.1810302734375;1092;0.3333333432674408;1.0;0;0;0;121;2
1525.0;16;6;3;0.0731707289814949;0.5121951103210449;0.0044218143448233604;0.6071285009384155;0.0040283203125;234;0.0731707289814949;0.5121951103210449;0;0;0;124;2
1525.0;24;6;18;0.4390243887901306;0.5121951103210449;0.6027066707611084;0.6071285009384155;0.549072265625;1404;0.4390243887901306;0.5121951103210449;0;0;0;168;2
1525.0;6;0;20;0.4878048896789551;0.4878048896789551;0.3928714990615845;0.3928714990615845;0.35791015625;1560;0.4878048896789551;0.4878048896789551;0;0;0;221;2
1526.0;24;6;6;0.13636364042758942;0.13636364042758942;0.16703911125659943;0.16703911125659943;0.14599609375;468;0.13636364042758942;0.13636364042758942;0;0;0;174;2
1526.0;6;0;38;0.8636363744735718;0.8636363744735718;0.8329609036445618;0.8329609036445618;0.72802734375;2964;0.8636363744735718;0.8636363744735718;0;0;0;259;2
1527.0;6;0;22;0.5;0.5;0.3048698306083679;0.3048698306083679;0.27587890625;1716;0.5;0.5;0;0;0;281;2
1527.0;2;6;22;0.5;0.5;0.6951301693916321;0.6951301693916321;0.6290283203125;1716;0.5;0.5;0;0;0;22;2
1528.0;6;0;24;0.4285714328289032;0.4285714328289032;0.4909307062625885;0.4909307062625885;0.403076171875;1872;0.4285714328289032;0.4285714328289032;0;0;0;305;2
1528.0;2;6;32;0.5714285969734192;0.5714285969734192;0.5090692639350891;0.5090692639350891;0.41796875;2496;0.5714285969734192;0.5714285969734192;0;0;0;54;2
1529.0;2;6;9;0.3103448152542114;0.3103448152542114;0.17888936400413513;0.17888936400413513;0.10302734375;702;0.2839805781841278;0.2839805781841278;0;0;0;63;2
1529.0;6;0;10;0.3448275923728943;0.3448275923728943;0.24629080295562744;0.24629080295562744;0.141845703125;780;0.31553396582603455;0.31553396582603455;0;0;0;315;2
1529.0;12;27;10;0.3448275923728943;0.3448275923728943;0.5748198628425598;0.5748198628425598;0.3310546875;990;0.40048542618751526;0.40048542618751526;0;0;0;328;2
1530.0;6;0;11;0.261904776096344;0.261904776096344;0.04356949031352997;0.04356949031352997;0.0430908203125;858;0.21848739683628082;0.21848739683628082;0;0;0;326;2
1530.0;12;27;31;0.738095223903656;0.738095223903656;0.9564304947853088;0.9564304947853088;0.9459228515625;3069;0.7815126180648804;0.7815126180648804;0;0;0;359;2
1531.0;12;27;10;1.0;1.0;1.0;1.0;1.006103515625;990;1.0;1.0;0;0;0;369;2
1532.0;12;27;2;1.0;1.0;1.0;1.0;2.2349853515625;198;1.0;1.0;0;0;0;371;2
1534.0;25;6;11;0.7857142686843872;0.7857142686843872;0.521948516368866;0.521948516368866;0.343994140625;858;0.7857142686843872;0.7857142686843872;0;0;0;55;2
1534.0;6;0;3;0.2142857164144516;0.2142857164144516;0.47805148363113403;0.47805148363113403;0.3150634765625;234;0.2142857164144516;0.2142857164144516;0;0;0;329;2
1535.0;6;0;31;0.96875;0.96875;0.9986454248428345;0.9986454248428345;0.719970703125;2418;0.9587628841400146;0.9587628841400146;0;0;0;360;2
1535.0;4;17;1;0.03125;0.03125;0.0013545546680688858;0.0013545546680688858;0.0009765625;104;0.04123711213469505;0.04123711213469505;0;0;0;1;2
1536.0;6;0;6;1.0;0.5;1.0;0.5500169396400452;0.593994140625;468;1.0;0.4285714328289032;0;0;0;366;2
1536.0;6;20;6;1.0;0.5;1.0;0.44998303055763245;0.4859619140625;624;1.0;0.5714285969734192;0;0;0;6;2
1537.0;6;20;36;1.0;1.0;1.0;1.0;1.050048828125;3744;1.0;1.0;0;0;0;42;2
1538.0;9;22;22;0.95652174949646;0.95652174949646;0.9988206028938293;0.9988206028938293;0.8270263671875;1716;0.9428571462631226;0.9428571462631226;0;0;0;66;2
1538.0;6;20;1;0.043478261679410934;0.043478261679410934;0.0011794191086664796;0.0011794191086664796;0.0009765625;104;0.05714285746216774;0.05714285746216774;0;0;0;43;2
1539.0;9;22;7;0.2916666567325592;0.2916666567325592;0.29360231757164;0.29360231757164;0.3109130859375;546;0.24495288729667664;0.24495288729667664;0;0;0;73;2
1539.0;10;27;17;0.7083333134651184;0.7083333134651184;0.7063977122306824;0.7063977122306824;0.748046875;1683;0.755047082901001;0.755047082901001;0;0;0;17;2
1540.0;10;27;35;1.0;1.0;1.0;1.0;0.91796875;3465;1.0;1.0;0;0;0;52;2
1541.0;10;27;1;0.0357142873108387;1.0;0.10727190971374512;1.0;0.115966796875;99;0.0357142873108387;1.0;0;0;0;53;2
1541.0;20;27;27;0.9642857313156128;1.0;0.8927280902862549;1.0;0.965087890625;2673;0.9642857313156128;1.0;0;0;0;27;2
1542.0;20;27;22;1.0;1.0;1.0;1.0;0.9029541015625;2178;1.0;1.0;0;0;0;49;2
1543.0;20;27;4;0.12121212482452393;0.12121212482452393;0.30937713384628296;0.30937713384628296;0.3310546875;396;0.11606096476316452;0.11606096476316452;0;0;0;53;2
1543.0;25;7;29;0.8787878751754761;0.8787878751754761;0.690622866153717;0.690622866153717;0.739013671875;3016;0.8839390277862549;0.8839390277862549;0;0;0;29;2
1544.0;25;7;13;1.0;1.0;1.0;1.0;0.35986328125;1352;1.0;1.0;0;0;0;42;2
1545.0;25;7;1;1.0;1.0;1.0;1.0;2.051025390625;104;1.0;1.0;0;0;0;43;2
1547.0;16;27;29;1.0;1.0;1.0;1.0;1.0479736328125;2871;1.0;1.0;0;0;0;29;2
1548.0;16;27;21;0.9130434989929199;0.9130434989929199;0.8454853892326355;0.8454853892326355;0.7601318359375;2079;0.9090511798858643;0.9090511798858643;0;0;0;50;2
1548.0;2;20;2;0.08695652335882187;0.08695652335882187;0.1545145958662033;0.1545145958662033;0.138916015625;208;0.09094884246587753;0.09094884246587753;0;0;0;9;2
1549.0;16;27;3;0.375;0.375;0.8501402139663696;0.8501402139663696;0.7769775390625;297;0.3635250926017761;0.3635250926017761;0;0;0;53;2
1549.0;2;20;5;0.625;0.625;0.14985975623130798;0.14985975623130798;0.136962890625;520;0.6364749073982239;0.6364749073982239;0;0;0;14;2
1550.0;25;27;8;1.0;1.0;1.0;1.0;0.5179443359375;792;1.0;1.0;0;0;0;8;2
1551.0;25;27;33;1.0;1.0;1.0;1.0;0.9140625;3267;1.0;1.0;0;0;0;41;2
1552.0;25;27;10;1.0;1.0;1.0;1.0;1.011962890625;990;1.0;1.0;0;0;0;51;2
1553.0;25;27;2;1.0;1.0;1.0;1.0;1.0830078125;198;1.0;1.0;0;0;0;53;2
1554.0;18;27;27;1.0;1.0;1.0;1.0;0.9329833984375;2673;1.0;1.0;0;0;0;133;2
1555.0;18;27;19;1.0;1.0;1.0;1.0;0.9520263671875;1881;1.0;1.0;0;0;0;152;2
1556.0;18;27;7;0.5384615659713745;0.5384615659713745;0.5435740947723389;0.5435740947723389;0.5870361328125;693;0.5593220591545105;0.5593220591545105;0;0;0;159;2
1556.0;23;17;3;0.23076923191547394;0.23076923191547394;0.13801288604736328;0.13801288604736328;0.1490478515625;312;0.2518159747123718;0.2518159747123718;0;0;0;3;2
1556.0;19;16;3;0.23076923191547394;0.23076923191547394;0.31841301918029785;0.31841301918029785;0.3438720703125;234;0.18886198103427887;0.18886198103427887;0;0;0;3;2
1557.0;19;16;26;0.5531914830207825;0.5531914830207825;0.6387659311294556;0.6387659311294556;0.581298828125;2028;0.48148149251937866;0.48148149251937866;0;0;0;29;2
1557.0;23;17;21;0.44680851697921753;0.44680851697921753;0.36123406887054443;0.36123406887054443;0.3287353515625;2184;0.5185185074806213;0.5185185074806213;0;0;0;24;2
1558.0;23;17;28;0.4590163826942444;0.4590163826942444;0.5950589776039124;0.5950589776039124;0.6468505859375;2912;0.5308057069778442;0.5308057069778442;0;0;0;52;2
1558.0;19;16;33;0.5409836173057556;0.5409836173057556;0.40494105219841003;0.40494105219841003;0.440185546875;2574;0.46919432282447815;0.46919432282447815;0;0;0;62;2
1559.0;23;17;24;0.4285714328289032;0.4285714328289032;0.7357208132743835;0.7357208132743835;0.6871337890625;2496;0.5;0.5;0;0;0;76;2
1559.0;19;16;32;0.5714285969734192;0.5714285969734192;0.26427918672561646;0.26427918672561646;0.246826171875;2496;0.5;0.5;0;0;0;94;2
1560.0;23;17;29;0.4677419364452362;0.4677419364452362;0.5185403227806091;0.5185403227806091;0.5377197265625;3016;0.539534866809845;0.539534866809845;0;0;0;105;2
1560.0;19;16;33;0.5322580933570862;0.5322580933570862;0.48145967721939087;0.48145967721939087;0.499267578125;2574;0.46046510338783264;0.46046510338783264;0;0;0;127;2
1561.0;19;16;62;0.9117646813392639;0.9117646813392639;0.9734076857566833;0.9734076857566833;0.916015625;4836;0.8857142925262451;0.8857142925262451;0;0;0;189;2
1561.0;23;17;6;0.0882352963089943;0.0882352963089943;0.026592295616865158;0.026592295616865158;0.0250244140625;624;0.11428571492433548;0.11428571492433548;0;0;0;111;2
1562.0;19;16;1;0.03333333507180214;0.03333333507180214;0.1677374541759491;0.1677374541759491;0.117919921875;78;0.03333333507180214;0.03333333507180214;0;0;0;190;2
1562.0;16;6;26;0.8666666746139526;0.8666666746139526;0.6587949395179749;0.6587949395179749;0.463134765625;2028;0.8666666746139526;0.8666666746139526;0;0;0;150;2
1562.0;6;0;3;0.10000000149011612;0.10000000149011612;0.17346762120723724;0.17346762120723724;0.1219482421875;234;0.10000000149011612;0.10000000149011612;0;0;0;369;2
1563.0;16;6;6;0.15789473056793213;0.15789473056793213;0.16460280120372772;0.16460280120372772;0.1719970703125;468;0.15789473056793213;0.15789473056793213;0;0;0;156;2
1563.0;6;0;32;0.8421052694320679;0.8421052694320679;0.8353971838951111;0.8353971838951111;0.8729248046875;2496;0.8421052694320679;0.8421052694320679;0;0;0;401;2
1564.0;6;0;6;0.6000000238418579;0.6000000238418579;0.6468085050582886;0.6468085050582886;0.705078125;468;0.6000000238418579;0.6000000238418579;0;0;0;407;2
1564.0;22;16;4;0.4000000059604645;0.4000000059604645;0.3531914949417114;0.3531914949417114;0.385009765625;312;0.4000000059604645;0.4000000059604645;0;0;0;160;2
1565.0;22;16;39;1.0;1.0;1.0;1.0;0.8719482421875;3042;1.0;1.0;0;0;0;199;2
1566.0;22;16;18;0.36000001430511475;0.36000001430511475;0.23236864805221558;0.23236864805221558;0.201904296875;1404;0.36000001430511475;0.36000001430511475;0;0;0;217;2
1566.0;16;6;32;0.6399999856948853;0.6399999856948853;0.7676313519477844;0.7676313519477844;0.6669921875;2496;0.6399999856948853;0.6399999856948853;0;0;0;188;2
1567.0;6;0;39;1.0;1.0;1.0;1.0;0.906982421875;3042;1.0;1.0;0;0;0;446;2
1568.0;6;0;2;1.0;1.0;1.0;1.0;1.0999755859375;156;1.0;1.0;0;0;0;448;2
1569.0;4;25;34;1.0;1.0;1.0;1.0;0.907958984375;2652;1.0;1.0;0;0;0;84;2
1570.0;4;25;31;0.5166666507720947;0.5166666507720947;0.43709051609039307;0.43709051609039307;0.3990478515625;2418;0.5166666507720947;0.5166666507720947;0;0;0;115;2
1570.0;25;6;29;0.4833333194255829;0.4833333194255829;0.5629094839096069;0.5629094839096069;0.513916015625;2262;0.4833333194255829;0.4833333194255829;0;0;0;84;2
1571.0;4;25;2;0.04651162773370743;0.04651162773370743;0.04320547729730606;0.04320547729730606;0.0369873046875;156;0.04651162773370743;0.04651162773370743;0;0;0;117;2
1571.0;6;0;34;0.7906976938247681;0.7906976938247681;0.829459547996521;0.829459547996521;0.7100830078125;2652;0.7906976938247681;0.7906976938247681;0;0;0;482;2
1571.0;25;6;7;0.1627907007932663;0.1627907007932663;0.12733495235443115;0.12733495235443115;0.1090087890625;546;0.1627907007932663;0.1627907007932663;0;0;0;91;2
1572.0;6;0;7;1.0;1.0;1.0;1.0;0.1190185546875;546;1.0;1.0;0;0;0;489;2
1576.0;0;27;9;1.0;1.0;1.0;1.0;0.4200439453125;891;1.0;1.0;0;0;0;9;2
1577.0;0;27;35;1.0;1.0;1.0;1.0;0.9169921875;3465;1.0;1.0;0;0;0;44;2
1578.0;0;27;9;1.0;1.0;1.0;1.0;2.14501953125;891;1.0;1.0;0;0;0;53;2
1580.0;11;27;32;1.0;1.0;1.0;1.0;0.9150390625;3168;1.0;1.0;0;0;0;32;2
1581.0;11;27;21;0.4038461446762085;0.4038461446762085;0.47156068682670593;0.47156068682670593;0.4979248046875;2079;0.39204224944114685;0.39204224944114685;0;0;0;53;2
1581.0;20;6;31;0.5961538553237915;0.5961538553237915;0.5284392833709717;0.5284392833709717;0.5579833984375;3224;0.6079577803611755;0.6079577803611755;0;0;0;31;2
1582.0;20;6;14;1.0;1.0;1.0;1.0;0.317138671875;1456;1.0;1.0;0;0;0;45;2
1583.0;20;6;3;1.0;0.1304347813129425;1.0;0.4706936478614807;0.5450439453125;312;1.0;0.1666666716337204;0;0;0;48;2
1583.0;20;0;20;1.0;0.8695651888847351;1.0;0.5293063521385193;0.6129150390625;1560;1.0;0.8333333134651184;0;0;0;20;2
1584.0;20;0;17;1.0;1.0;1.0;1.0;0.8680419921875;1326;1.0;1.0;0;0;0;37;2
1585.0;20;0;6;1.0;1.0;1.0;1.0;1.259033203125;468;1.0;1.0;0;0;0;43;2
1586.0;21;5;15;1.0;1.0;1.0;1.0;0.7860107421875;1560;1.0;1.0;0;0;0;15;2
1587.0;21;5;22;0.7333333492279053;0.7333333492279053;0.6769332885742188;0.6769332885742188;0.3729248046875;2288;0.7857142686843872;0.7857142686843872;0;0;0;37;2
1587.0;7;11;8;0.2666666805744171;0.2666666805744171;0.32306668162345886;0.32306668162345886;0.177978515625;624;0.2142857164144516;0.2142857164144516;0;0;0;120;2
1588.0;21;5;4;0.10256410390138626;0.10256410390138626;0.0998046025633812;0.0998046025633812;0.0810546875;416;0.13223139941692352;0.13223139941692352;0;0;0;41;2
1588.0;7;11;29;0.7435897588729858;0.7435897588729858;0.6661656498908997;0.6661656498908997;0.541015625;2262;0.7190082669258118;0.7190082669258118;0;0;0;149;2
1588.0;11;0;6;0.1538461595773697;0.1538461595773697;0.23402975499629974;0.23402975499629974;0.1900634765625;468;0.1487603336572647;0.1487603336572647;0;0;0;101;2
1589.0;7;11;5;0.1785714328289032;0.1785714328289032;0.17153996229171753;0.17153996229171753;0.0859375;390;0.1785714328289032;0.1785714328289032;0;0;0;154;2
1589.0;11;0;23;0.8214285969734192;0.8214285969734192;0.8284600377082825;0.8284600377082825;0.4150390625;1794;0.8214285969734192;0.8214285969734192;0;0;0;124;2
1590.0;11;0;3;0.30000001192092896;0.30000001192092896;0.5239864587783813;0.5239864587783813;0.5679931640625;234;0.2432432472705841;0.2432432472705841;0;0;0;127;2
1590.0;16;24;7;0.699999988079071;0.699999988079071;0.47601351141929626;0.47601351141929626;0.5159912109375;728;0.7567567825317383;0.7567567825317383;0;0;0;38;2
1591.0;16;24;35;1.0;1.0;1.0;1.0;0.85107421875;3640;1.0;1.0;0;0;0;73;2
1592.0;16;24;9;0.2432432472705841;0.2432432472705841;0.20346148312091827;0.20346148312091827;0.18798828125;936;0.30000001192092896;0.30000001192092896;0;0;0;82;2
1592.0;6;0;28;0.7567567825317383;0.7567567825317383;0.7965385317802429;0.7965385317802429;0.7359619140625;2184;0.699999988079071;0.699999988079071;0;0;0;517;2
1593.0;11;0;24;1.0;1.0;1.0;1.0;0.4100341796875;1872;1.0;1.0;0;0;0;151;2
1594.0;26;11;17;1.0;1.0;1.0;1.0;0.406982421875;1326;1.0;1.0;0;0;0;59;2
1595.0;11;0;18;0.5806451439857483;0.5806451439857483;0.5958153009414673;0.5958153009414673;0.5040283203125;1404;0.52173912525177;0.52173912525177;0;0;0;169;2
1595.0;14;27;13;0.4193548262119293;0.4193548262119293;0.4041846990585327;0.4041846990585327;0.3419189453125;1287;0.47826087474823;0.47826087474823;0;0;0;13;2
1596.0;11;0;14;0.26923078298568726;0.26923078298568726;0.06821811199188232;0.06821811199188232;0.072998046875;1092;0.22496910393238068;0.22496910393238068;0;0;0;183;2
1596.0;14;27;38;0.7307692170143127;0.7307692170143127;0.9317818880081177;0.9317818880081177;0.9970703125;3762;0.7750309109687805;0.7750309109687805;0;0;0;51;2
1597.0;14;27;2;0.10526315867900848;1.0;0.48217636346817017;1.0;0.501953125;198;0.10526315867900848;1.0;0;0;0;53;2
1597.0;24;27;17;0.8947368264198303;1.0;0.5178236365318298;1.0;0.5390625;1683;0.8947368264198303;1.0;0;0;0;17;2
1598.0;24;27;30;1.0;1.0;1.0;1.0;0.9320068359375;2970;1.0;1.0;0;0;0;47;2
1599.0;24;27;6;0.260869562625885;1.0;0.36014968156814575;1.0;0.3759765625;594;0.260869562625885;1.0;0;0;0;53;2
1599.0;3;27;17;0.739130437374115;1.0;0.6398503184318542;1.0;0.66796875;1683;0.739130437374115;1.0;0;0;0;17;2
1600.0;3;27;30;1.0;1.0;1.0;1.0;0.926025390625;2970;1.0;1.0;0;0;0;47;2
1601.0;3;27;6;1.0;1.0;1.0;1.0;2.095947265625;594;1.0;1.0;0;0;0;53;2
1603.0;9;13;23;1.0;1.0;1.0;1.0;0.885009765625;2392;1.0;1.0;0;0;0;23;2
1604.0;9;13;8;1.0;1.0;1.0;1.0;0.8160400390625;832;1.0;1.0;0;0;0;31;2
1605.0;2;27;27;1.0;1.0;1.0;1.0;0.8359375;2673;1.0;1.0;0;0;0;27;2
1606.0;2;27;24;1.0;1.0;1.0;1.0;0.9949951171875;2376;1.0;1.0;0;0;0;51;2
1607.0;2;27;3;0.09677419066429138;1.0;0.07671479880809784;1.0;0.0830078125;297;0.09677419066429138;1.0;0;0;0;54;2
1607.0;1;27;28;0.9032257795333862;1.0;0.923285186290741;1.0;0.9990234375;2772;0.9032257795333862;1.0;0;0;0;28;2
1608.0;1;27;22;1.0;1.0;1.0;1.0;0.93701171875;2178;1.0;1.0;0;0;0;50;2
1609.0;1;27;3;0.20000000298023224;0.20000000298023224;0.6441651582717896;0.6441651582717896;0.43798828125;297;0.24087591469287872;0.24087591469287872;0;0;0;53;2
1609.0;3;24;12;0.800000011920929;0.800000011920929;0.35583484172821045;0.35583484172821045;0.241943359375;936;0.7591241002082825;0.7591241002082825;0;0;0;19;2
1610.0;24;6;45;1.0;1.0;1.0;1.0;0.8380126953125;3510;1.0;1.0;0;0;0;219;2
1611.0;24;6;8;0.17391304671764374;0.17391304671764374;0.20322580635547638;0.20322580635547638;0.0999755859375;624;0.17391304671764374;0.17391304671764374;0;0;0;227;2
1611.0;6;0;38;0.8260869383811951;0.8260869383811951;0.7967742085456848;0.7967742085456848;0.3919677734375;2964;0.8260869383811951;0.8260869383811951;0;0;0;555;2
1612.0;6;0;4;0.23529411852359772;0.23529411852359772;0.5035461187362671;0.5035461187362671;0.572021484375;312;0.19512194395065308;0.19512194395065308;0;0;0;559;2
1612.0;23;27;13;0.7647058963775635;0.7647058963775635;0.4964539110660553;0.4964539110660553;0.56396484375;1287;0.8048780560493469;0.8048780560493469;0;0;0;66;2
1613.0;23;27;30;1.0;1.0;1.0;1.0;0.923095703125;2970;1.0;1.0;0;0;0;96;2
1614.0;23;27;9;1.0;1.0;1.0;1.0;0.949951171875;891;1.0;1.0;0;0;0;105;2
1615.0;23;27;1;1.0;1.0;1.0;1.0;1.5859375;99;1.0;1.0;0;0;0;106;2
1616.0;1;2;5;1.0;1.0;1.0;1.0;0.5;390;1.0;1.0;0;0;0;5;2
1617.0;1;2;24;0.6153846383094788;0.6153846383094788;0.4621446132659912;0.4621446132659912;0.3651123046875;1872;0.5870178937911987;0.5870178937911987;0;0;0;29;2
1617.0;2;6;8;0.20512820780277252;0.20512820780277252;0.21137206256389618;0.21137206256389618;0.1669921875;624;0.1956726312637329;0.1956726312637329;0;0;0;71;2
1617.0;15;27;7;0.1794871836900711;0.1794871836900711;0.3264833092689514;0.3264833092689514;0.2579345703125;693;0.21730950474739075;0.21730950474739075;0;0;0;60;2
1618.0;1;2;4;0.125;0.125;0.06946296244859695;0.06946296244859695;0.0699462890625;312;0.10116731375455856;0.10116731375455856;0;0;0;33;2
1618.0;15;27;28;0.875;0.875;0.9305370450019836;0.9305370450019836;0.93701171875;2772;0.8988326787948608;0.8988326787948608;0;0;0;88;2
1619.0;15;27;9;0.6875;0.28125;0.7812018394470215;0.4516350030899048;0.322021484375;891;0.7094972133636475;0.3318435847759247;0;0;0;97;2
1619.0;15;1;13;0.6875;0.40625;0.7812018394470215;0.3295668661594391;0.2349853515625;1014;0.7094972133636475;0.3776536285877228;0;0;0;13;2
1619.0;1;2;5;0.15625;0.15625;0.16829310357570648;0.16829310357570648;0.1199951171875;390;0.14525139331817627;0.14525139331817627;0;0;0;38;2
1619.0;2;6;5;0.15625;0.15625;0.05050504952669144;0.05050504952669144;0.0360107421875;390;0.14525139331817627;0.14525139331817627;0;0;0;76;2
1620.0;15;27;3;0.5;0.5;0.9145084023475647;0.9145084023475647;0.887939453125;297;0.5593220591545105;0.5593220591545105;0;0;0;100;2
1620.0;2;6;3;0.5;0.5;0.08549157530069351;0.08549157530069351;0.0830078125;234;0.4406779706478119;0.4406779706478119;0;0;0;79;2
1621.0;6;0;48;1.0;1.0;1.0;1.0;0.966064453125;3744;1.0;1.0;0;0;0;607;2
1622.0;6;0;48;1.0;1.0;1.0;1.0;0.9219970703125;3744;1.0;1.0;0;0;0;655;2
1623.0;6;0;16;1.0;1.0;1.0;1.0;1.0179443359375;1248;1.0;1.0;0;0;0;671;2
1624.0;6;0;6;1.0;1.0;1.0;1.0;2.426025390625;468;1.0;1.0;0;0;0;677;2
1626.0;21;15;11;1.0;1.0;1.0;1.0;0.64404296875;858;1.0;1.0;0;0;0;11;2
1627.0;21;15;55;1.0;1.0;1.0;1.0;0.7669677734375;4290;1.0;1.0;0;0;0;66;2
1628.0;21;15;1;0.03999999910593033;0.03999999910593033;0.26408815383911133;0.26408815383911133;0.155029296875;78;0.03999999910593033;0.03999999910593033;0;0;0;67;2
1628.0;1;2;5;0.20000000298023224;0.20000000298023224;0.09544603526592255;0.09544603526592255;0.0560302734375;390;0.20000000298023224;0.20000000298023224;0;0;0;43;2
1628.0;2;6;8;0.3199999928474426;0.3199999928474426;0.29465585947036743;0.29465585947036743;0.1729736328125;624;0.3199999928474426;0.3199999928474426;0;0;0;87;2
1628.0;15;1;11;0.4399999976158142;0.4399999976158142;0.3458099365234375;0.3458099365234375;0.2030029296875;858;0.4399999976158142;0.4399999976158142;0;0;0;24;2
1629.0;15;1;4;1.0;1.0;1.0;1.0;0.0040283203125;312;1.0;1.0;0;0;0;28;2
1631.0;26;27;30;1.0;1.0;1.0;1.0;0.8980712890625;2970;1.0;1.0;0;0;0;83;2
1632.0;26;27;18;1.0;1.0;1.0;1.0;0.958984375;1782;1.0;1.0;0;0;0;101;2
1633.0;26;27;5;1.0;1.0;1.0;1.0;3.8590087890625;495;1.0;1.0;0;0;0;106;2
1636.0;24;16;6;1.0;1.0;1.0;1.0;0.1739501953125;624;1.0;1.0;0;0;0;57;2
1637.0;24;16;2;1.0;1.0;1.0;1.0;0.0020751953125;208;1.0;1.0;0;0;0;59;2
1638.0;8;26;36;1.0;1.0;1.0;1.0;0.9039306640625;2808;1.0;1.0;0;0;0;59;2
1639.0;8;26;14;0.3684210479259491;0.3684210479259491;0.3687596023082733;0.3687596023082733;0.3218994140625;1092;0.3684210479259491;0.3684210479259491;0;0;0;73;2
1639.0;26;11;24;0.6315789222717285;0.6315789222717285;0.6312403678894043;0.6312403678894043;0.551025390625;1872;0.6315789222717285;0.6315789222717285;0;0;0;83;2
1640.0;8;26;6;0.12765957415103912;0.12765957415103912;0.03958090767264366;0.03958090767264366;0.029052734375;468;0.12765957415103912;0.12765957415103912;0;0;0;79;2
1640.0;26;11;9;0.19148936867713928;0.19148936867713928;0.13620488345623016;0.13620488345623016;0.0999755859375;702;0.19148936867713928;0.19148936867713928;0;0;0;92;2
1640.0;11;0;32;0.6808510422706604;0.6808510422706604;0.8242142200469971;0.8242142200469971;0.60498046875;2496;0.6808510422706604;0.6808510422706604;0;0;0;215;2
1641.0;26;11;8;0.3076923191547394;0.3076923191547394;0.24136470258235931;0.24136470258235931;0.1390380859375;624;0.2536585330963135;0.2536585330963135;0;0;0;100;2
1641.0;15;5;15;0.5769230723381042;0.5769230723381042;0.47213393449783325;0.47213393449783325;0.27197265625;1560;0.6341463327407837;0.6341463327407837;0;0;0;15;2
1641.0;22;27;2;0.07692307978868484;0.07692307978868484;0.2831108272075653;0.2831108272075653;0.1630859375;198;0.08048780262470245;0.08048780262470245;0;0;0;55;2
1641.0;11;0;1;0.03846153989434242;0.03846153989434242;0.003390548750758171;0.003390548750758171;0.001953125;78;0.031707316637039185;0.031707316637039185;0;0;0;216;2
1642.0;15;5;3;0.10000000149011612;0.10000000149011612;0.07548561692237854;0.07548561692237854;0.074951171875;312;0.10452261567115784;0.10452261567115784;0;0;0;18;2
1642.0;22;27;27;0.8999999761581421;0.8999999761581421;0.9245144128799438;0.9245144128799438;0.91796875;2673;0.8954774141311646;0.8954774141311646;0;0;0;82;2
1643.0;22;27;21;0.9545454382896423;0.9545454382896423;0.8674160242080688;0.8674160242080688;0.8760986328125;2079;0.952359139919281;0.952359139919281;0;0;0;103;2
1643.0;5;21;1;0.04545454680919647;0.04545454680919647;0.13258399069309235;0.13258399069309235;0.1339111328125;104;0.047640860080718994;0.047640860080718994;0;0;0;1;2
1644.0;22;27;4;0.07547169923782349;0.07547169923782349;0.08573540300130844;0.08573540300130844;0.0849609375;396;0.07210487872362137;0.07210487872362137;0;0;0;107;2
1644.0;5;21;49;0.9245283007621765;0.9245283007621765;0.9142646193504333;0.9142646193504333;0.906005859375;5096;0.9278951287269592;0.9278951287269592;0;0;0;50;2
1645.0;5;21;2;1.0;1.0;1.0;1.0;5.175048828125;208;1.0;1.0;0;0;0;52;2
1650.0;9;22;18;0.6666666865348816;0.6666666865348816;0.5338336229324341;0.5338336229324341;0.52099609375;1404;0.6666666865348816;0.6666666865348816;0;0;18;73;2
1650.0;22;16;9;0.3333333432674408;0.3333333432674408;0.46616634726524353;0.46616634726524353;0.4549560546875;702;0.3333333432674408;0.3333333432674408;0;0;0;226;2
1651.0;22;16;36;0.800000011920929;0.800000011920929;0.9448423981666565;0.9448423981666565;0.8050537109375;2808;0.800000011920929;0.800000011920929;0;0;0;262;2
1651.0;16;6;9;0.20000000298023224;0.20000000298023224;0.05515759438276291;0.05515759438276291;0.0469970703125;702;0.20000000298023224;0.20000000298023224;0;0;0;197;2
1652.0;22;16;10;0.2777777910232544;0.2777777910232544;0.14945651590824127;0.14945651590824127;0.093994140625;780;0.2777777910232544;0.2777777910232544;0;0;0;272;2
1652.0;16;6;23;0.6388888955116272;0.6388888955116272;0.6248059272766113;0.6248059272766113;0.3929443359375;1794;0.6388888955116272;0.6388888955116272;0;0;0;220;2
1652.0;13;22;3;0.0833333358168602;0.0833333358168602;0.2257375717163086;0.2257375717163086;0.1419677734375;234;0.0833333358168602;0.0833333358168602;0;0;0;3;2
1653.0;13;22;43;1.0;1.0;1.0;1.0;0.8919677734375;3354;1.0;1.0;0;0;0;46;2
1654.0;13;22;12;0.260869562625885;0.260869562625885;0.36552882194519043;0.36552882194519043;0.3450927734375;936;0.260869562625885;0.260869562625885;0;0;0;58;2
1654.0;22;16;34;0.739130437374115;0.739130437374115;0.6344711780548096;0.6344711780548096;0.5989990234375;2652;0.739130437374115;0.739130437374115;0;0;0;306;2
1655.0;13;22;6;0.13636364042758942;0.13636364042758942;0.11436054110527039;0.11436054110527039;0.095947265625;468;0.13636364042758942;0.13636364042758942;0;0;0;64;2
1655.0;22;16;15;0.34090909361839294;0.34090909361839294;0.34089916944503784;0.34089916944503784;0.2860107421875;1170;0.34090909361839294;0.34090909361839294;0;0;0;321;2
1655.0;16;6;23;0.5227272510528564;0.5227272510528564;0.5447402596473694;0.5447402596473694;0.45703125;1794;0.5227272510528564;0.5227272510528564;0;0;0;243;2
1656.0;22;16;5;0.10869564861059189;0.10869564861059189;0.19172975420951843;0.19172975420951843;0.200927734375;390;0.10869564861059189;0.10869564861059189;0;0;0;326;2
1656.0;6;0;32;0.695652186870575;0.695652186870575;0.5868375301361084;0.5868375301361084;0.614990234375;2496;0.695652186870575;0.695652186870575;0;0;0;709;2
1656.0;16;6;9;0.19565217196941376;0.19565217196941376;0.22143273055553436;0.22143273055553436;0.2320556640625;702;0.19565217196941376;0.19565217196941376;0;0;0;252;2
1657.0;16;6;1;0.09090909361839294;0.09090909361839294;0.023255813866853714;0.023255813866853714;0.001953125;78;0.09090909361839294;0.09090909361839294;0;0;0;253;2
1657.0;6;0;10;0.9090909361839294;0.9090909361839294;0.9767441749572754;0.9767441749572754;0.08203125;780;0.9090909361839294;0.9090909361839294;0;0;0;719;2
1658.0;12;22;19;0.949999988079071;0.949999988079071;0.5915451049804688;0.5915451049804688;0.485107421875;1482;0.949999988079071;0.949999988079071;0;0;0;102;2
1658.0;22;16;1;0.05000000074505806;0.05000000074505806;0.40845489501953125;0.40845489501953125;0.3349609375;78;0.05000000074505806;0.05000000074505806;0;0;0;327;2
1659.0;12;22;1;0.021739130839705467;0.021739130839705467;0.036133959889411926;0.036133959889411926;0.030029296875;78;0.021739130839705467;0.021739130839705467;0;0;0;103;2
1659.0;22;16;45;0.97826087474823;0.97826087474823;0.9638660550117493;0.9638660550117493;0.801025390625;3510;0.97826087474823;0.97826087474823;0;0;0;372;2
1660.0;22;16;6;0.1538461595773697;0.1538461595773697;0.1362593173980713;0.1362593173980713;0.115966796875;468;0.1538461595773697;0.1538461595773697;0;0;0;378;2
1660.0;16;6;25;0.6410256624221802;0.6410256624221802;0.6028399467468262;0.6028399467468262;0.5130615234375;1950;0.6410256624221802;0.6410256624221802;0;0;0;278;2
1660.0;6;0;8;0.20512820780277252;0.20512820780277252;0.26090073585510254;0.26090073585510254;0.2220458984375;624;0.20512820780277252;0.20512820780277252;0;0;0;727;2
1661.0;16;6;8;0.25;0.25;0.3028770685195923;0.3028770685195923;0.2120361328125;624;0.25;0.25;0;0;0;286;2
1661.0;6;0;24;0.75;0.75;0.6971229314804077;0.6971229314804077;0.488037109375;1872;0.75;0.75;0;0;0;751;2
1662.0;6;0;9;0.375;0.375;0.22363734245300293;0.22363734245300293;0.2529296875;702;0.32098764181137085;0.32098764181137085;0;0;0;760;2
1662.0;7;27;15;0.625;0.625;0.7763626575469971;0.7763626575469971;0.8780517578125;1485;0.6790123581886292;0.6790123581886292;0;0;0;68;2
1663.0;7;27;30;1.0;1.0;1.0;1.0;0.85595703125;2970;1.0;1.0;0;0;0;98;2
1664.0;7;27;8;1.0;1.0;1.0;1.0;2.1080322265625;792;1.0;1.0;0;0;0;106;2
1666.0;9;27;25;1.0;1.0;1.0;1.0;0.9000244140625;2475;1.0;1.0;0;0;0;131;2
1667.0;9;27;28;1.0;1.0;1.0;1.0;3.177978515625;2772;1.0;1.0;0;0;0;159;2
1670.0;17;7;22;1.0;1.0;1.0;1.0;0.873046875;1716;1.0;1.0;0;0;0;75;2
1671.0;7;11;40;0.7843137383460999;0.7843137383460999;0.7794174551963806;0.7794174551963806;0.7349853515625;3120;0.7843137383460999;0.7843137383460999;0;0;0;194;2
1671.0;17;7;11;0.21568627655506134;0.21568627655506134;0.2205825299024582;0.2205825299024582;0.2080078125;858;0.21568627655506134;0.21568627655506134;0;0;0;86;2
1672.0;7;11;13;0.2888889014720917;0.2888889014720917;0.4009908437728882;0.4009908437728882;0.3260498046875;1014;0.2888889014720917;0.2888889014720917;0;0;0;207;2
1672.0;11;0;32;0.7111111283302307;0.7111111283302307;0.5990091562271118;0.5990091562271118;0.487060546875;2496;0.7111111283302307;0.7111111283302307;0;0;0;248;2
1673.0;7;11;3;1.0;1.0;1.0;1.0;2.4779052734375;234;1.0;1.0;0;0;0;210;2
1675.0;22;19;12;1.0;1.0;1.0;1.0;0.5880126953125;1248;1.0;1.0;0;0;0;16;2
1676.0;22;19;22;1.0;1.0;1.0;1.0;0.3551025390625;2288;1.0;1.0;0;0;0;38;2
1677.0;22;19;1;1.0;1.0;1.0;1.0;9.083984375;104;1.0;1.0;0;0;0;39;2
1686.0;8;27;20;1.0;1.0;1.0;1.0;0.9730224609375;1980;1.0;1.0;0;0;0;73;2
1687.0;8;27;30;1.0;1.0;1.0;1.0;1.760009765625;2970;1.0;1.0;0;0;0;103;2
1688.0;8;27;3;1.0;1.0;1.0;1.0;1.8909912109375;297;1.0;1.0;0;0;0;106;2
1690.0;19;22;4;1.0;1.0;1.0;1.0;0.406982421875;416;1.0;1.0;0;0;0;20;2
1691.0;19;22;12;1.0;1.0;1.0;1.0;0.261962890625;1248;1.0;1.0;0;0;0;32;2
1692.0;19;22;3;0.2142857164144516;0.2142857164144516;0.21296735107898712;0.21296735107898712;0.054931640625;312;0.2142857164144516;0.2142857164144516;0;0;0;35;2
1692.0;12;3;11;0.7857142686843872;0.7857142686843872;0.7870326638221741;0.7870326638221741;0.2030029296875;1144;0.7857142686843872;0.7857142686843872;0;0;0;11;2
1699.0;12;27;23;1.0;1.0;1.0;1.0;0.9210205078125;2277;1.0;1.0;0;0;0;394;2
1700.0;12;27;27;1.0;1.0;1.0;1.0;0.9759521484375;2673;1.0;1.0;0;0;0;421;2
1701.0;12;27;3;1.0;1.0;1.0;1.0;2.1109619140625;297;1.0;1.0;0;0;0;424;2
1703.0;10;21;21;1.0;1.0;1.0;1.0;0.4801025390625;2184;1.0;1.0;0;0;0;21;2
1710.0;19;27;21;1.0;1.0;1.0;1.0;0.93896484375;2079;1.0;1.0;0;0;0;74;2
1711.0;19;27;30;1.0;1.0;1.0;1.0;0.948974609375;2970;1.0;1.0;0;0;0;104;2
1712.0;19;27;2;0.1666666716337204;0.1666666716337204;0.23569779098033905;0.23569779098033905;0.43603515625;198;0.1599353849887848;0.1599353849887848;0;0;0;106;2
1712.0;11;6;10;0.8333333134651184;0.8333333134651184;0.7643021941184998;0.7643021941184998;1.4139404296875;1040;0.8400646448135376;0.8400646448135376;0;0;0;10;2
1713.0;11;6;1;1.0;1.0;1.0;1.0;0.0020751953125;104;1.0;1.0;0;0;0;11;2
1715.0;5;19;4;1.0;1.0;1.0;1.0;0.5130615234375;312;1.0;1.0;0;0;0;4;2
1716.0;19;16;19;0.6129032373428345;0.6129032373428345;0.5650745630264282;0.5650745630264282;0.5040283203125;1482;0.6129032373428345;0.6129032373428345;0;0;0;209;2
1716.0;16;6;8;0.25806450843811035;0.25806450843811035;0.2611194849014282;0.2611194849014282;0.23291015625;624;0.25806450843811035;0.25806450843811035;0;0;0;294;2
1716.0;5;19;4;0.12903225421905518;0.12903225421905518;0.17380593717098236;0.17380593717098236;0.155029296875;312;0.12903225421905518;0.12903225421905518;0;0;0;8;2
1717.0;5;19;4;0.1428571492433548;0.1428571492433548;0.012507817707955837;0.012507817707955837;0.0390625;312;0.1428571492433548;0.1428571492433548;0;0;0;12;2
1717.0;16;6;24;0.8571428656578064;0.8571428656578064;0.9874922037124634;0.9874922037124634;3.083984375;1872;0.8571428656578064;0.8571428656578064;0;0;0;318;2
1720.0;10;19;25;1.0;1.0;1.0;1.0;0.926025390625;1950;1.0;1.0;0;0;0;25;2
1721.0;10;19;34;0.8717948794364929;0.8717948794364929;0.9084011316299438;0.9084011316299438;0.8038330078125;2652;0.8717948794364929;0.8717948794364929;0;0;0;59;2
1721.0;19;16;5;0.12820513546466827;0.12820513546466827;0.09159883856773376;0.09159883856773376;0.0810546875;390;0.12820513546466827;0.12820513546466827;0;0;0;214;2
1722.0;19;16;12;0.3243243098258972;0.3243243098258972;0.20291928946971893;0.20291928946971893;0.173095703125;936;0.3243243098258972;0.3243243098258972;0;0;0;226;2
1722.0;16;6;25;0.6756756901741028;0.6756756901741028;0.7970806956291199;0.7970806956291199;0.679931640625;1950;0.6756756901741028;0.6756756901741028;0;0;0;343;2
1723.0;19;16;2;0.20000000298023224;0.20000000298023224;0.8940054774284363;0.8940054774284363;0.801025390625;156;0.20000000298023224;0.20000000298023224;0;0;0;228;2
1723.0;16;6;8;0.800000011920929;0.800000011920929;0.10599455237388611;0.10599455237388611;0.094970703125;624;0.800000011920929;0.800000011920929;0;0;0;351;2
1730.0;3;22;12;1.0;1.0;1.0;1.0;0.380126953125;1248;1.0;1.0;0;0;0;51;2
1731.0;3;22;2;1.0;1.0;1.0;1.0;11.4649658203125;208;1.0;1.0;0;0;0;53;2
1742.0;7;25;17;1.0;1.0;1.0;1.0;0.6129150390625;1768;1.0;1.0;0;0;0;17;2
1743.0;7;25;18;1.0;1.0;1.0;1.0;0.611083984375;1872;1.0;1.0;0;0;0;35;2
1744.0;7;25;2;1.0;1.0;1.0;1.0;2.718017578125;208;1.0;1.0;0;0;0;37;2
1746.0;1;16;1;1.0;1.0;1.0;1.0;0.3629150390625;104;1.0;1.0;0;0;0;1;2
1747.0;1;16;8;1.0;1.0;1.0;1.0;0.3350830078125;832;1.0;1.0;0;0;0;9;2
1748.0;1;16;8;0.6153846383094788;0.6153846383094788;0.5713010430335999;0.5713010430335999;0.625;832;0.6269781589508057;0.6269781589508057;0;0;0;17;2
1748.0;13;27;5;0.38461539149284363;0.38461539149284363;0.42869895696640015;0.42869895696640015;0.468994140625;495;0.37302184104919434;0.37302184104919434;0;0;0;111;2
1749.0;13;27;40;1.0;1.0;1.0;1.0;0.9190673828125;3960;1.0;1.0;0;0;0;151;2
1750.0;13;27;4;1.0;1.0;1.0;1.0;0.989013671875;396;1.0;1.0;0;0;0;155;2
1751.0;13;27;4;1.0;1.0;1.0;1.0;2.4129638671875;396;1.0;1.0;0;0;0;159;2
1753.0;16;1;15;1.0;1.0;1.0;1.0;0.6839599609375;1560;1.0;1.0;0;0;0;15;2
1754.0;16;1;35;1.0;1.0;1.0;1.0;0.758056640625;3640;1.0;1.0;0;0;0;50;2
1755.0;16;1;2;1.0;1.0;1.0;1.0;9.0999755859375;208;1.0;1.0;0;0;0;52;2
1764.0;17;3;4;1.0;1.0;1.0;1.0;0.0670166015625;416;1.0;1.0;0;0;0;4;2
1765.0;17;3;1;1.0;1.0;1.0;1.0;11.675048828125;104;1.0;1.0;0;0;0;5;2
1776.0;14;23;9;1.0;1.0;1.0;1.0;0.5009765625;936;1.0;1.0;0;0;0;36;2
1777.0;14;23;33;1.0;1.0;1.0;1.0;0.751953125;3432;1.0;1.0;0;0;0;69;2
1778.0;14;23;12;0.3076923191547394;0.3076923191547394;0.0722745954990387;0.0722745954990387;0.072998046875;1248;0.31828615069389343;0.31828615069389343;0;0;0;81;2
1778.0;18;27;27;0.692307710647583;0.692307710647583;0.9277254343032837;0.9277254343032837;0.93701171875;2673;0.6817138195037842;0.6817138195037842;0;0;0;186;2
1779.0;18;27;22;0.8799999952316284;0.8799999952316284;0.8689113855361938;0.8689113855361938;0.64892578125;2178;0.87469881772995;0.87469881772995;0;0;0;208;2
1779.0;15;21;3;0.11999999731779099;0.11999999731779099;0.13108858466148376;0.13108858466148376;0.097900390625;312;0.12530121207237244;0.12530121207237244;0;0;0;3;2
1780.0;18;27;4;1.0;1.0;1.0;1.0;12.048095703125;396;1.0;1.0;0;0;0;212;2
1792.0;23;9;38;1.0;1.0;1.0;1.0;1.7359619140625;3952;1.0;1.0;0;0;0;38;2
1793.0;23;9;5;1.0;1.0;1.0;1.0;0.050048828125;520;1.0;1.0;0;0;0;43;2
1796.0;20;2;17;1.0;1.0;1.0;1.0;0.468994140625;1768;1.0;1.0;0;0;0;17;2
1797.0;20;2;3;1.0;1.0;1.0;1.0;6.0260009765625;312;1.0;1.0;0;0;0;20;2
1803.0;9;18;30;1.0;1.0;1.0;1.0;0.5989990234375;3120;1.0;1.0;0;0;0;30;2
1804.0;9;18;4;1.0;1.0;1.0;1.0;3.162109375;416;1.0;1.0;0;0;0;34;2
1807.0;18;9;9;1.0;1.0;1.0;1.0;0.1549072265625;936;1.0;1.0;0;0;0;53;2
1808.0;18;9;1;0.022727273404598236;0.022727273404598236;0.0018166722729802132;0.0018166722729802132;0.0269775390625;104;0.022727273404598236;0.022727273404598236;0;0;0;54;2
1808.0;5;15;43;0.9772727489471436;0.9772727489471436;0.9981833100318909;0.9981833100318909;14.822998046875;4472;0.9772727489471436;0.9772727489471436;0;0;0;43;2
1823.0;21;13;41;1.0;1.0;1.0;1.0;0.9169921875;4264;1.0;1.0;0;0;0;41;2
1824.0;21;13;3;1.0;1.0;1.0;1.0;0.822021484375;312;1.0;1.0;0;0;0;44;2
1827.0;8;25;30;1.0;1.0;1.0;1.0;0.885009765625;3120;1.0;1.0;0;0;0;46;2
1828.0;8;25;1;1.0;1.0;1.0;1.0;2.5780029296875;104;1.0;1.0;0;0;0;47;2
1830.0;26;24;16;1.0;1.0;1.0;1.0;0.5048828125;1664;1.0;1.0;0;0;0;18;2
1831.0;26;24;27;1.0;1.0;1.0;1.0;0.8179931640625;2808;1.0;1.0;0;0;0;45;2
1832.0;26;24;1;1.0;1.0;1.0;1.0;11.0069580078125;104;1.0;1.0;0;0;0;46;2
1843.0;1;16;4;1.0;1.0;1.0;1.0;0.0880126953125;416;1.0;1.0;0;0;0;21;2
1854.0;25;26;28;1.0;1.0;1.0;1.0;0.7359619140625;2912;1.0;1.0;0;0;0;28;2
1855.0;25;26;23;1.0;1.0;1.0;1.0;0.5150146484375;2392;1.0;1.0;0;0;0;51;2
1856.0;25;26;1;0.0357142873108387;0.0357142873108387;0.04461909085512161;0.04461909085512161;0.04296875;104;0.0357142873108387;0.0357142873108387;0;0;0;52;2
1856.0;2;24;27;0.9642857313156128;0.9642857313156128;0.955380916595459;0.955380916595459;0.9200439453125;2808;0.9642857313156128;0.9642857313156128;0;0;0;27;2
1857.0;2;24;12;1.0;1.0;1.0;1.0;0.9339599609375;1248;1.0;1.0;0;0;0;39;2
1864.0;13;10;1;1.0;1.0;1.0;1.0;0.3270263671875;104;1.0;1.0;0;0;0;1;2
1865.0;13;10;24;1.0;1.0;1.0;1.0;0.9149169921875;2496;1.0;1.0;0;0;0;25;2
1866.0;13;10;14;1.0;1.0;1.0;1.0;0.239013671875;1456;1.0;1.0;0;0;0;39;2
1867.0;13;10;4;1.0;1.0;1.0;1.0;1.14599609375;416;1.0;1.0;0;0;0;43;2
1868.0;6;24;30;1.0;1.0;1.0;1.0;0.5579833984375;3120;1.0;1.0;0;0;0;30;2
1873.0;11;27;14;1.0;1.0;1.0;1.0;0.5791015625;1386;1.0;1.0;0;0;0;67;2
1874.0;11;27;37;1.0;1.0;1.0;1.0;0.9259033203125;3663;1.0;1.0;0;0;0;104;2
1875.0;11;27;2;1.0;1.0;1.0;1.0;3.071044921875;198;1.0;1.0;0;0;0;106;2
1878.0;24;6;33;0.8918918967247009;0.8918918967247009;0.7315908074378967;0.7315908074378967;0.673095703125;2574;0.8918918967247009;0.8918918967247009;0;0;0;260;2
1878.0;6;0;4;0.10810811072587967;0.10810811072587967;0.26840919256210327;0.26840919256210327;0.2469482421875;312;0.10810811072587967;0.10810811072587967;0;0;0;764;2
1879.0;6;0;31;1.0;1.0;1.0;1.0;0.407958984375;2418;1.0;1.0;0;0;0;795;2
1880.0;6;0;7;1.0;1.0;1.0;1.0;1.35302734375;546;1.0;1.0;0;0;0;802;2
1881.0;12;13;23;1.0;1.0;1.0;1.0;0.6929931640625;2392;1.0;1.0;0;0;0;23;2
1882.0;12;13;10;1.0;1.0;1.0;1.0;2.6259765625;1040;1.0;1.0;0;0;0;33;2
1884.0;4;7;4;1.0;1.0;1.0;1.0;1.153076171875;416;1.0;1.0;0;0;0;4;2
1885.0;4;7;5;1.0;1.0;1.0;1.0;0.158935546875;520;1.0;1.0;0;0;0;9;2
1886.0;4;7;3;1.0;1.0;1.0;1.0;0.0020751953125;312;1.0;1.0;0;0;0;12;2
1889.0;15;19;4;1.0;1.0;1.0;1.0;0.342041015625;416;1.0;1.0;0;0;0;4;2
1890.0;15;19;13;1.0;1.0;1.0;1.0;2.5709228515625;1352;1.0;1.0;0;0;0;17;2
1893.0;7;26;15;1.0;1.0;1.0;1.0;0.738037109375;1560;1.0;1.0;0;0;0;15;2
1894.0;7;26;29;1.0;1.0;1.0;1.0;0.6839599609375;3016;1.0;1.0;0;0;0;44;2
1895.0;7;26;5;1.0;1.0;1.0;1.0;4.697021484375;520;1.0;1.0;0;0;0;49;2
1899.0;19;1;3;1.0;1.0;1.0;1.0;0.4320068359375;312;1.0;1.0;0;0;0;3;2
1900.0;19;1;36;1.0;1.0;1.0;1.0;0.9119873046875;3744;1.0;1.0;0;0;0;39;2
1901.0;19;1;5;1.0;1.0;1.0;1.0;0.9019775390625;520;1.0;1.0;0;0;0;44;2
1906.0;5;27;22;1.0;1.0;1.0;1.0;0.798095703125;2178;1.0;1.0;0;0;0;75;2
1907.0;5;27;29;1.0;1.0;1.0;1.0;0.8599853515625;2871;1.0;1.0;0;0;0;104;2
1908.0;5;27;2;0.2222222238779068;0.2222222238779068;0.4803106486797333;0.4803106486797333;0.5360107421875;198;0.21382290124893188;0.21382290124893188;0;0;0;106;2
1908.0;11;6;7;0.7777777910232544;0.7777777910232544;0.5196893215179443;0.5196893215179443;0.5799560546875;728;0.7861770987510681;0.7861770987510681;0;0;0;18;2
1909.0;11;6;8;1.0;1.0;1.0;1.0;0.1781005859375;832;1.0;1.0;0;0;0;26;2
1910.0;11;6;9;1.0;1.0;1.0;1.0;1.1070556640625;936;1.0;1.0;0;0;0;35;2
1911.0;24;16;9;1.0;1.0;1.0;1.0;0.3189697265625;936;1.0;1.0;0;0;0;68;2
1912.0;24;16;2;1.0;1.0;1.0;1.0;7.574951171875;208;1.0;1.0;0;0;0;70;2
1919.0;20;11;14;1.0;1.0;1.0;1.0;0.4700927734375;1456;1.0;1.0;0;0;0;14;2
1920.0;20;11;18;0.8181818127632141;0.8181818127632141;0.7435718178749084;0.7435718178749084;0.5189208984375;1872;0.8253968358039856;0.8253968358039856;0;0;0;32;2
1920.0;12;27;4;0.1818181872367859;0.1818181872367859;0.25642818212509155;0.25642818212509155;0.178955078125;396;0.1746031790971756;0.1746031790971756;0;0;0;428;2
1921.0;12;27;31;1.0;1.0;1.0;1.0;0.95703125;3069;1.0;1.0;0;0;0;459;2
1922.0;12;27;19;1.0;1.0;1.0;1.0;4.083984375;1881;1.0;1.0;0;0;0;478;2
1926.0;16;27;32;1.0;1.0;1.0;1.0;0.990966796875;3168;1.0;1.0;0;0;0;85;2
1927.0;16;27;16;1.0;1.0;1.0;1.0;0.947021484375;1584;1.0;1.0;0;0;0;101;2
1928.0;16;27;5;1.0;1.0;1.0;1.0;1.14599609375;495;1.0;1.0;0;0;0;106;2
1929.0;22;13;8;0.4444444477558136;0.4444444477558136;0.35089221596717834;0.35089221596717834;0.300048828125;832;0.4566410481929779;0.4566410481929779;0;0;0;8;2
1929.0;6;27;10;0.5555555820465088;0.5555555820465088;0.6491077542304993;0.6491077542304993;0.5550537109375;990;0.5433589220046997;0.5433589220046997;0;0;0;63;2
1930.0;6;27;33;1.0;1.0;1.0;1.0;0.93896484375;3267;1.0;1.0;0;0;0;96;2
1931.0;6;27;10;1.0;1.0;1.0;1.0;3.1400146484375;990;1.0;1.0;0;0;0;106;2
1934.0;25;6;42;1.0;1.0;1.0;1.0;0.968017578125;3276;1.0;1.0;0;0;0;133;2
1935.0;2;6;36;0.8571428656578064;1.0;0.9176803231239319;1.0;0.7919921875;2808;0.8571428656578064;1.0;0;0;0;123;2
1935.0;25;6;6;0.1428571492433548;1.0;0.08231966197490692;1.0;0.071044921875;468;0.1428571492433548;1.0;0;0;0;139;2
1936.0;2;6;23;1.0;1.0;1.0;1.0;0.577880859375;1794;1.0;1.0;0;0;0;146;2
1937.0;2;6;4;0.08510638028383255;0.08510638028383255;0.10359220951795578;0.10359220951795578;0.0999755859375;312;0.08510638028383255;0.08510638028383255;0;0;0;150;2
1937.0;6;0;43;0.914893627166748;0.914893627166748;0.8964077830314636;0.8964077830314636;0.8651123046875;3354;0.914893627166748;0.914893627166748;0;0;0;845;2
1938.0;6;0;43;1.0;1.0;1.0;1.0;1.0439453125;3354;1.0;1.0;0;0;0;888;2
1939.0;6;0;33;1.0;1.0;1.0;1.0;0.656005859375;2574;1.0;1.0;0;0;0;921;2
1940.0;6;0;3;1.0;1.0;1.0;1.0;1.22998046875;234;1.0;1.0;0;0;0;924;2
1941.0;10;27;15;1.0;1.0;1.0;1.0;0.81005859375;1485;1.0;1.0;0;0;0;68;2
1942.0;10;27;26;1.0;1.0;1.0;1.0;0.908935546875;2574;1.0;1.0;0;0;0;94;2
1943.0;10;27;9;1.0;0.6000000238418579;1.0;0.7216593027114868;0.739013671875;891;1.0;0.5881187915802002;0;0;0;103;2
1943.0;10;22;6;1.0;0.4000000059604645;1.0;0.2783406972885132;0.2850341796875;624;1.0;0.4118811786174774;0;0;0;6;2
1944.0;10;27;3;1.0;0.1764705926179886;1.0;0.087517149746418;0.0389404296875;297;1.0;0.16942384839057922;0;0;0;106;2
1944.0;10;22;14;1.0;0.8235294222831726;1.0;0.9124828577041626;0.406005859375;1456;1.0;0.8305761814117432;0;0;0;20;2
1945.0;16;6;11;0.29729729890823364;0.29729729890823364;0.2187250405550003;0.2187250405550003;0.1671142578125;858;0.29729729890823364;0.29729729890823364;0;0;0;362;2
1945.0;6;0;26;0.7027027010917664;0.7027027010917664;0.7812749743461609;0.7812749743461609;0.596923828125;2028;0.7027027010917664;0.7027027010917664;0;0;0;950;2
1946.0;16;6;5;0.25;0.25;0.01167240459471941;0.01167240459471941;0.0889892578125;390;0.25;0.25;0;0;0;367;2
1946.0;6;0;15;0.75;0.75;0.9883276224136353;0.9883276224136353;7.534912109375;1170;0.75;0.75;0;0;0;965;2
1954.0;9;23;36;1.0;1.0;1.0;1.0;0.864013671875;3744;1.0;1.0;0;0;0;36;2
1955.0;9;23;2;1.0;1.0;1.0;1.0;9.092041015625;208;1.0;1.0;0;0;0;38;2
1964.0;8;25;38;1.0;1.0;1.0;1.0;0.875;3952;1.0;1.0;0;0;0;85;2
1965.0;8;25;16;0.6153846383094788;0.6153846383094788;0.7303534746170044;0.7303534746170044;0.7340087890625;1664;0.6153846383094788;0.6153846383094788;0;0;0;101;2
1965.0;3;22;10;0.38461539149284363;0.38461539149284363;0.269646555185318;0.269646555185318;0.27099609375;1040;0.38461539149284363;0.38461539149284363;0;0;0;63;2
1966.0;8;25;1;0.04545454680919647;0.04545454680919647;0.0005830478621646762;0.0005830478621646762;0.0009765625;104;0.04545454680919647;0.04545454680919647;0;0;0;102;2
1966.0;3;22;21;0.9545454382896423;0.9545454382896423;0.9994169473648071;0.9994169473648071;1.6739501953125;2184;0.9545454382896423;0.9545454382896423;0;0;0;84;2
1968.0;1;16;23;1.0;1.0;1.0;1.0;1.6689453125;2392;1.0;1.0;0;0;0;44;2
1969.0;1;16;1;1.0;1.0;1.0;1.0;0.0009765625;104;1.0;1.0;0;0;0;45;2
1971.0;2;27;6;1.0;1.0;1.0;1.0;0.6099853515625;594;1.0;1.0;0;0;0;60;2
1972.0;2;27;37;1.0;1.0;1.0;1.0;1.780029296875;3663;1.0;1.0;0;0;0;97;2
1973.0;2;27;8;1.0;1.0;1.0;1.0;0.159912109375;792;1.0;1.0;0;0;0;105;2
1974.0;2;27;2;1.0;1.0;1.0;1.0;6.424072265625;198;1.0;1.0;0;0;0;107;2
1980.0;3;27;10;1.0;1.0;1.0;1.0;0.6400146484375;990;1.0;1.0;0;0;0;63;2
1981.0;3;27;36;1.0;1.0;1.0;1.0;0.9139404296875;3564;1.0;1.0;0;0;0;99;2
1982.0;3;27;7;0.4117647111415863;0.4117647111415863;0.7374314069747925;0.7374314069747925;0.820068359375;693;0.4704684317111969;0.4704684317111969;0;0;0;106;2
1982.0;1;2;10;0.5882353186607361;0.5882353186607361;0.2625685930252075;0.2625685930252075;0.2919921875;780;0.5295315384864807;0.5295315384864807;0;0;0;53;2
1983.0;2;6;6;0.1818181872367859;0.1818181872367859;0.1414400041103363;0.1414400041103363;0.10791015625;468;0.1818181872367859;0.1818181872367859;0;0;0;156;2
1983.0;6;0;25;0.7575757503509521;0.7575757503509521;0.8532800078392029;0.8532800078392029;0.6510009765625;1950;0.7575757503509521;0.7575757503509521;0;0;0;990;2
1983.0;1;2;2;0.06060606241226196;0.06060606241226196;0.005280000157654285;0.005280000157654285;0.0040283203125;156;0.06060606241226196;0.06060606241226196;0;0;0;55;2
1984.0;2;6;2;0.1111111119389534;0.1111111119389534;0.8379594087600708;0.8379594087600708;0.7960205078125;156;0.1111111119389534;0.1111111119389534;0;0;0;158;2
1984.0;6;0;16;0.8888888955116272;0.8888888955116272;0.1620406061410904;0.1620406061410904;0.1539306640625;1248;0.8888888955116272;0.8888888955116272;0;0;0;1006;2
1985.0;6;0;1;1.0;1.0;1.0;1.0;0.0009765625;78;1.0;1.0;0;0;0;1007;2
2003.0;13;21;32;1.0;1.0;1.0;1.0;0.908935546875;3328;1.0;1.0;0;0;0;32;2
2004.0;13;21;14;1.0;1.0;1.0;1.0;0.93603515625;1456;1.0;1.0;0;0;0;46;2
2005.0;13;21;6;1.0;1.0;1.0;1.0;0.0030517578125;624;1.0;1.0;0;0;0;52;2
2006.0;20;27;35;1.0;1.0;1.0;1.0;0.8470458984375;3465;1.0;1.0;0;0;0;88;2
2007.0;20;27;16;1.0;1.0;1.0;1.0;0.9759521484375;1584;1.0;1.0;0;0;0;104;2
2008.0;20;27;2;0.2857142984867096;0.2857142984867096;0.5929738283157349;0.5929738283157349;0.64697265625;198;0.2757660150527954;0.2757660150527954;0;0;0;106;2
2008.0;26;24;5;0.7142857313156128;0.7142857313156128;0.40702617168426514;0.40702617168426514;0.444091796875;520;0.7242339849472046;0.7242339849472046;0;0;0;51;2
2009.0;26;24;36;1.0;1.0;1.0;1.0;1.7049560546875;3744;1.0;1.0;0;0;0;87;2
2011.0;16;2;21;1.0;1.0;1.0;1.0;1.0389404296875;2184;1.0;1.0;0;0;0;21;2
2012.0;16;2;15;1.0;1.0;1.0;1.0;0.864990234375;1560;1.0;1.0;0;0;0;36;2
2013.0;16;2;4;0.21052631735801697;0.21052631735801697;0.42615199089050293;0.42615199089050293;0.4730224609375;416;0.21052631735801697;0.21052631735801697;0;0;0;40;2
2013.0;12;3;15;0.7894737124443054;0.7894737124443054;0.5738480091094971;0.5738480091094971;0.636962890625;1560;0.7894737124443054;0.7894737124443054;0;0;0;26;2
2014.0;12;3;39;1.0;1.0;1.0;1.0;1.7740478515625;4056;1.0;1.0;0;0;0;65;2
2015.0;12;3;1;1.0;1.0;1.0;1.0;0.0029296875;104;1.0;1.0;0;0;0;66;2
2017.0;15;27;14;1.0;1.0;1.0;1.0;0.6990966796875;1386;1.0;1.0;0;0;0;114;2
2018.0;15;27;34;1.0;1.0;1.0;1.0;0.951904296875;3366;1.0;1.0;0;0;0;148;2
2019.0;15;27;5;1.0;1.0;1.0;1.0;5.135986328125;495;1.0;1.0;0;0;0;153;2
2024.0;17;27;23;1.0;1.0;1.0;1.0;0.89404296875;2277;1.0;1.0;0;0;0;76;2
2025.0;17;27;26;1.0;1.0;1.0;1.0;0.9219970703125;2574;1.0;1.0;0;0;0;102;2
2026.0;17;27;4;1.0;1.0;1.0;1.0;2.0880126953125;396;1.0;1.0;0;0;0;106;2
2028.0;7;27;24;1.0;1.0;1.0;1.0;0.9840087890625;2376;1.0;1.0;0;0;0;130;2
2029.0;7;27;27;1.0;1.0;1.0;1.0;0.9510498046875;2673;1.0;1.0;0;0;0;157;2
2030.0;7;27;2;1.0;1.0;1.0;1.0;2.1868896484375;198;1.0;1.0;0;0;0;159;2
2032.0;24;27;23;1.0;1.0;1.0;1.0;0.89599609375;2277;1.0;1.0;0;0;0;76;2
2033.0;24;27;23;1.0;1.0;1.0;1.0;0.885009765625;2277;1.0;1.0;0;0;0;99;2
2034.0;24;27;7;0.6363636255264282;0.6363636255264282;0.5280876159667969;0.5280876159667969;0.6300048828125;693;0.6895522475242615;0.6895522475242615;0;0;0;106;2
2034.0;18;17;4;0.3636363744735718;0.3636363744735718;0.4719124138355255;0.4719124138355255;0.56298828125;312;0.3104477524757385;0.3104477524757385;0;0;0;8;2
2035.0;18;17;44;0.8979591727256775;0.8979591727256775;0.9031112790107727;0.9031112790107727;0.6519775390625;3432;0.8979591727256775;0.8979591727256775;0;0;0;52;2
2035.0;17;7;5;0.10204081982374191;0.10204081982374191;0.09688873589038849;0.09688873589038849;0.0699462890625;390;0.10204081982374191;0.10204081982374191;0;0;0;91;2
2036.0;18;17;14;0.25;0.25;0.11425221711397171;0.11425221711397171;0.1070556640625;1092;0.25;0.25;0;0;0;66;2
2036.0;17;7;19;0.3392857015132904;0.3392857015132904;0.3424960970878601;0.3424960970878601;0.3209228515625;1482;0.3392857015132904;0.3392857015132904;0;0;0;110;2
2036.0;7;11;23;0.4107142984867096;0.4107142984867096;0.5432516932487488;0.5432516932487488;0.509033203125;1794;0.4107142984867096;0.4107142984867096;0;0;0;233;2
2037.0;17;7;1;0.01666666753590107;0.01666666753590107;0.14209432899951935;0.14209432899951935;0.116943359375;78;0.01666666753590107;0.01666666753590107;0;0;0;111;2
2037.0;7;11;28;0.46666666865348816;0.46666666865348816;0.35123109817504883;0.35123109817504883;0.2890625;2184;0.46666666865348816;0.46666666865348816;0;0;0;261;2
2037.0;11;0;31;0.5166666507720947;0.5166666507720947;0.506674587726593;0.506674587726593;0.4169921875;2418;0.5166666507720947;0.5166666507720947;0;0;0;279;2
2038.0;7;11;5;0.7142857313156128;0.7142857313156128;0.9961855411529541;0.9961855411529541;0.7969970703125;390;0.7142857313156128;0.7142857313156128;0;0;0;266;2
2038.0;11;0;2;0.2857142984867096;0.2857142984867096;0.003814464434981346;0.003814464434981346;0.0030517578125;156;0.2857142984867096;0.2857142984867096;0;0;0;281;2
2042.0;3;24;43;1.0;1.0;1.0;1.0;0.889892578125;3354;1.0;1.0;0;0;0;62;2
2043.0;3;24;9;0.2368421107530594;0.2368421107530594;0.33229002356529236;0.33229002356529236;0.31103515625;702;0.2368421107530594;0.2368421107530594;0;0;0;71;2
2043.0;24;6;29;0.7631579041481018;0.7631579041481018;0.6677099466323853;0.6677099466323853;0.625;2262;0.7631579041481018;0.7631579041481018;0;0;0;289;2
2044.0;3;24;12;0.1875;0.1875;0.08210577070713043;0.08210577070713043;0.0830078125;936;0.1875;0.1875;0;0;0;83;2
2044.0;24;6;20;0.3125;0.3125;0.4835788309574127;0.4835788309574127;0.4888916015625;1560;0.3125;0.3125;0;0;0;309;2
2044.0;6;0;32;0.5;0.5;0.43431538343429565;0.43431538343429565;0.4390869140625;2496;0.5;0.5;0;0;0;1039;2
2045.0;24;6;4;0.190476194024086;0.190476194024086;0.515487790107727;0.515487790107727;0.5159912109375;312;0.1666666716337204;0.1666666716337204;0;0;0;313;2
2045.0;18;23;9;0.4285714328289032;0.4285714328289032;0.34268292784690857;0.34268292784690857;0.343017578125;936;0.5;0.5;0;0;0;9;2
2045.0;6;0;8;0.380952388048172;0.380952388048172;0.14182926714420319;0.14182926714420319;0.1419677734375;624;0.3333333432674408;0.3333333432674408;0;0;0;1047;2
2046.0;6;0;2;0.0714285746216774;0.0714285746216774;0.01173090748488903;0.01173090748488903;0.0059814453125;156;0.05454545468091965;0.05454545468091965;0;0;0;1049;2
2046.0;18;23;26;0.9285714030265808;0.9285714030265808;0.9882690906524658;0.9882690906524658;0.50390625;2704;0.9454545378684998;0.9454545378684998;0;0;0;35;2
2047.0;18;23;2;1.0;1.0;1.0;1.0;4.06103515625;208;1.0;1.0;0;0;0;37;2
2051.0;8;27;23;1.0;1.0;1.0;1.0;0.9970703125;2277;1.0;1.0;0;0;0;129;2
2052.0;8;27;27;0.931034505367279;0.931034505367279;0.890227198600769;0.890227198600769;0.7939453125;2673;0.9278028607368469;0.9278028607368469;0;0;0;156;2
2052.0;24;2;2;0.06896551698446274;0.06896551698446274;0.10977278649806976;0.10977278649806976;0.097900390625;208;0.07219715416431427;0.07219715416431427;0;0;0;2;2
2053.0;8;27;3;0.4285714328289032;0.4285714328289032;0.8370867371559143;0.8370867371559143;0.85302734375;297;0.41654980182647705;0.41654980182647705;0;0;0;159;2
2053.0;24;2;4;0.5714285969734192;0.5714285969734192;0.1629132777452469;0.1629132777452469;0.166015625;416;0.583450198173523;0.583450198173523;0;0;0;6;2
2054.0;24;2;2;1.0;1.0;1.0;1.0;0.00390625;208;1.0;1.0;0;0;0;8;2
2056.0;26;27;23;1.0;1.0;1.0;1.0;0.81787109375;2277;1.0;1.0;0;0;0;129;2
2057.0;26;27;28;1.0;1.0;1.0;1.0;0.9140625;2772;1.0;1.0;0;0;0;157;2
2058.0;26;27;2;1.0;1.0;1.0;1.0;3.080078125;198;1.0;1.0;0;0;0;159;2
2061.0;0;27;36;1.0;1.0;1.0;1.0;0.911865234375;3564;1.0;1.0;0;0;0;89;2
2062.0;0;27;17;0.45945945382118225;1.0;0.4747452437877655;1.0;0.523193359375;1683;0.45945945382118225;1.0;0;0;0;106;2
2062.0;25;27;20;0.5405405163764954;1.0;0.5252547860145569;1.0;0.578857421875;1980;0.5405405163764954;1.0;0;0;0;73;2
2063.0;25;27;25;1.0;1.0;1.0;1.0;0.887939453125;2475;1.0;1.0;0;0;0;98;2
2064.0;25;27;8;1.0;1.0;1.0;1.0;3.244140625;792;1.0;1.0;0;0;0;106;2
2067.0;14;27;26;1.0;1.0;1.0;1.0;0.82080078125;2574;1.0;1.0;0;0;0;79;2
2068.0;14;27;25;1.0;1.0;1.0;1.0;0.963134765625;2475;1.0;1.0;0;0;0;104;2
2069.0;14;27;2;1.0;1.0;1.0;1.0;1.410888671875;198;1.0;1.0;0;0;0;106;2
2070.0;21;12;12;1.0;1.0;1.0;1.0;0.697998046875;1248;1.0;1.0;0;0;0;12;2
2071.0;21;12;34;0.5762711763381958;0.5762711763381958;0.5120046138763428;0.5120046138763428;0.43212890625;3536;0.6445497870445251;0.6445497870445251;0;0;0;46;2
2071.0;4;25;25;0.4237288236618042;0.4237288236618042;0.4879953861236572;0.4879953861236572;0.411865234375;1950;0.35545024275779724;0.35545024275779724;0;0;0;142;2
2072.0;21;12;8;0.6326530575752258;0.16326530277729034;0.8359801173210144;0.16401991248130798;0.1689453125;832;0.6888987421989441;0.18435630202293396;0;0;0;54;2
2072.0;21;27;23;0.6326530575752258;0.4693877696990967;0.8359801173210144;0.671960175037384;0.692138671875;2277;0.6888987421989441;0.5045424103736877;0;0;0;76;2
2072.0;25;6;14;0.2857142984867096;0.2857142984867096;0.03484237939119339;0.03484237939119339;0.035888671875;1092;0.24196764826774597;0.24196764826774597;0;0;0;153;2
2072.0;4;25;4;0.08163265138864517;0.08163265138864517;0.129177525639534;0.129177525639534;0.133056640625;312;0.06913361698389053;0.06913361698389053;0;0;0;146;2
2073.0;4;25;1;0.02083333395421505;0.02083333395421505;0.0009727626456879079;0.0009727626456879079;0.0009765625;78;0.018093250691890717;0.018093250691890717;0;0;0;147;2
2073.0;21;27;27;0.5625;0.5625;0.7320038676261902;0.7320038676261902;0.73486328125;2673;0.6200417280197144;0.6200417280197144;0;0;0;103;2
2073.0;25;6;20;0.4166666567325592;0.4166666567325592;0.26702335476875305;0.26702335476875305;0.26806640625;1560;0.36186498403549194;0.36186498403549194;0;0;0;173;2
2074.0;25;6;3;0.0535714291036129;0.0535714291036129;0.0031471282709389925;0.0031471282709389925;0.0029296875;234;0.05280974879860878;0.05280974879860878;0;0;0;176;2
2074.0;21;27;3;0.0535714291036129;0.0535714291036129;0.08943089097738266;0.08943089097738266;0.083251953125;297;0.06702776253223419;0.06702776253223419;0;0;0;106;2
2074.0;6;0;33;0.5892857313156128;0.8928571343421936;0.5003933906555176;0.9074220061302185;0.4658203125;2574;0.5809072256088257;0.8801624774932861;0;0;0;1082;2
2074.0;11;0;17;0.3035714328289032;0.8928571343421936;0.40702858567237854;0.9074220061302185;0.37890625;1326;0.29925525188446045;0.8801624774932861;0;0;0;298;2
2075.0;6;0;11;0.2291666716337204;1.0;0.23906798660755157;1.0;0.182861328125;858;0.2291666716337204;1.0;0;0;0;1093;2
2075.0;11;0;37;0.7708333134651184;1.0;0.7609320282936096;1.0;0.58203125;2886;0.7708333134651184;1.0;0;0;0;335;2
2076.0;11;0;8;0.1860465109348297;0.7674418687820435;0.1977052092552185;0.7566931247711182;0.1640625;624;0.17266187071800232;0.7122302055358887;0;0;0;343;2
2076.0;6;0;25;0.5813953280448914;0.7674418687820435;0.5589879155158997;0.7566931247711182;0.4638671875;1950;0.5395683646202087;0.7122302055358887;0;0;0;1118;2
2076.0;10;5;10;0.23255814611911774;0.23255814611911774;0.24330686032772064;0.24330686032772064;0.201904296875;1040;0.28776979446411133;0.28776979446411133;0;0;0;10;2
2077.0;6;0;8;0.5714285969734192;1.0;0.5174291729927063;1.0;0.115966796875;624;0.5714285969734192;1.0;0;0;0;1126;2
2077.0;20;0;6;0.4285714328289032;1.0;0.4825707972049713;1.0;0.108154296875;468;0.4285714328289032;1.0;0;0;0;49;2
2078.0;20;0;1;1.0;1.0;1.0;1.0;3.205078125;78;1.0;1.0;0;0;0;50;2
2081.0;14;23;18;1.0;1.0;1.0;1.0;0.82080078125;1872;1.0;1.0;0;0;0;99;2
2082.0;14;23;20;1.0;1.0;1.0;1.0;0.488037109375;2080;1.0;1.0;0;0;0;119;2
2083.0;14;23;2;1.0;1.0;1.0;1.0;1.26806640625;208;1.0;1.0;0;0;0;121;2
2084.0;1;27;19;1.0;1.0;1.0;1.0;0.844970703125;1881;1.0;1.0;0;0;0;72;2
2085.0;1;27;30;1.0;1.0;1.0;1.0;0.89892578125;2970;1.0;1.0;0;0;0;102;2
2086.0;1;27;4;1.0;1.0;1.0;1.0;4.093994140625;396;1.0;1.0;0;0;0;106;2
2090.0;17;4;10;1.0;1.0;1.0;1.0;0.092041015625;1040;1.0;1.0;0;0;0;10;2
2091.0;17;4;2;0.04878048598766327;0.04878048598766327;0.11088573187589645;0.11088573187589645;0.080078125;208;0.06400000303983688;0.06400000303983688;0;0;0;12;2
2091.0;15;1;26;0.6341463327407837;0.6341463327407837;0.7937795519828796;0.7937795519828796;0.5732421875;2028;0.6240000128746033;0.6240000128746033;0;0;0;54;2
2091.0;1;2;5;0.12195122241973877;0.12195122241973877;0.013860716484487057;0.013860716484487057;0.010009765625;390;0.11999999731779099;0.11999999731779099;0;0;0;60;2
2091.0;2;6;8;0.19512194395065308;0.19512194395065308;0.08147396892309189;0.08147396892309189;0.058837890625;624;0.19200000166893005;0.19200000166893005;0;0;0;166;2
2092.0;15;1;1;0.02500000037252903;0.02500000037252903;0.2922459840774536;0.2922459840774536;0.266845703125;78;0.024193547666072845;0.024193547666072845;0;0;0;55;2
2092.0;6;0;35;0.875;0.875;0.6363636255264282;0.6363636255264282;0.5810546875;2730;0.8467742204666138;0.8467742204666138;0;0;0;1161;2
2092.0;5;10;4;0.10000000149011612;0.10000000149011612;0.07139037549495697;0.07139037549495697;0.065185546875;416;0.12903225421905518;0.12903225421905518;0;0;0;4;2
2093.0;6;0;5;0.4166666567325592;0.4166666567325592;0.7351973652839661;0.7351973652839661;0.763916015625;390;0.3488371968269348;0.3488371968269348;0;0;0;1166;2
2093.0;8;25;1;0.0833333358168602;0.0833333358168602;0.11466165632009506;0.11466165632009506;0.119140625;104;0.09302325546741486;0.09302325546741486;0;0;0;103;2
2093.0;5;10;6;0.5;0.5;0.15014097094535828;0.15014097094535828;0.156005859375;624;0.5581395626068115;0.5581395626068115;0;0;0;10;2
2094.0;5;10;2;0.4000000059604645;0.4000000059604645;0.02122015878558159;0.02122015878558159;0.001953125;208;0.4000000059604645;0.4000000059604645;0;0;0;12;2
2094.0;8;25;3;0.6000000238418579;0.6000000238418579;0.9787798523902893;0.9787798523902893;0.090087890625;312;0.6000000238418579;0.6000000238418579;0;0;0;106;2
2109.0;4;27;25;1.0;1.0;1.0;1.0;0.926025390625;2475;1.0;1.0;0;0;0;78;2
2110.0;4;27;26;1.0;1.0;1.0;1.0;0.9208984375;2574;1.0;1.0;0;0;0;104;2
2111.0;4;27;2;1.0;1.0;1.0;1.0;1.171142578125;198;1.0;1.0;0;0;0;106;2
2112.0;22;27;25;1.0;1.0;1.0;1.0;0.9580078125;2475;1.0;1.0;0;0;0;132;2
2113.0;22;27;23;1.0;1.0;1.0;1.0;0.85595703125;2277;1.0;1.0;0;0;0;155;2
2114.0;22;27;5;1.0;1.0;1.0;1.0;2.780029296875;495;1.0;1.0;0;0;0;160;2
2116.0;19;27;1;1.0;1.0;1.0;1.0;0.322998046875;99;1.0;1.0;0;0;0;107;2
2117.0;19;27;36;1.0;1.0;1.0;1.0;1.054931640625;3564;1.0;1.0;0;0;0;143;2
2118.0;19;27;13;0.4333333373069763;0.4333333373069763;0.5705001354217529;0.5705001354217529;0.492919921875;1287;0.49253731966018677;0.49253731966018677;0;0;0;156;2
2118.0;14;4;17;0.5666666626930237;0.5666666626930237;0.42949986457824707;0.42949986457824707;0.37109375;1326;0.5074626803398132;0.5074626803398132;0;0;0;136;2
2119.0;19;27;3;0.056603774428367615;0.056603774428367615;0.072021484375;0.072021484375;0.072021484375;297;0.07076483219861984;0.07076483219861984;0;0;0;159;2
2119.0;14;4;38;0.7169811129570007;0.7169811129570007;0.59912109375;0.59912109375;0.59912109375;2964;0.7062187194824219;0.7062187194824219;0;0;0;174;2
2119.0;4;25;12;0.22641509771347046;0.22641509771347046;0.328857421875;0.328857421875;0.328857421875;936;0.22301644086837769;0.22301644086837769;0;0;0;159;2
2120.0;14;4;11;0.18965516984462738;0.18965516984462738;0.18389010429382324;0.18389010429382324;0.143798828125;858;0.18965516984462738;0.18965516984462738;0;0;0;185;2
2120.0;4;25;19;0.32758620381355286;0.32758620381355286;0.45176395773887634;0.45176395773887634;0.353271484375;1482;0.32758620381355286;0.32758620381355286;0;0;0;178;2
2120.0;25;6;28;0.48275861144065857;0.48275861144065857;0.3643459379673004;0.3643459379673004;0.284912109375;2184;0.48275861144065857;0.48275861144065857;0;0;0;204;2
2121.0;4;25;11;0.18333333730697632;0.18333333730697632;0.16100725531578064;0.16100725531578064;0.10302734375;858;0.18333333730697632;0.18333333730697632;0;0;0;189;2
2121.0;6;0;41;0.6833333373069763;0.6833333373069763;0.7077451348304749;0.7077451348304749;0.452880859375;3198;0.6833333373069763;0.6833333373069763;0;0;0;1207;2
2121.0;25;6;8;0.13333334028720856;0.13333334028720856;0.1312476098537445;0.1312476098537445;0.083984375;624;0.13333334028720856;0.13333334028720856;0;0;0;212;2
2123.0;23;4;39;1.0;1.0;1.0;1.0;0.950927734375;3042;1.0;1.0;0;0;0;39;2
2124.0;23;4;15;0.2586206793785095;0.2586206793785095;0.2438659518957138;0.2438659518957138;0.198974609375;1170;0.2586206793785095;0.2586206793785095;0;0;0;54;2
2124.0;4;25;43;0.7413793206214905;0.7413793206214905;0.756134033203125;0.756134033203125;0.616943359375;3354;0.7413793206214905;0.7413793206214905;0;0;0;232;2
2125.0;23;4;1;0.03030303120613098;0.03030303120613098;0.10943396389484406;0.10943396389484406;0.092041015625;78;0.03030303120613098;0.03030303120613098;0;0;0;55;2
2125.0;25;6;26;0.7878788113594055;0.7878788113594055;0.5979680418968201;0.5979680418968201;0.5029296875;2028;0.7878788113594055;0.7878788113594055;0;0;0;238;2
2125.0;6;0;6;0.1818181872367859;0.1818181872367859;0.2925979793071747;0.2925979793071747;0.24609375;468;0.1818181872367859;0.1818181872367859;0;0;0;1213;2
2126.0;25;6;10;0.22727273404598236;0.22727273404598236;0.13975155353546143;0.13975155353546143;0.087890625;780;0.22727273404598236;0.22727273404598236;0;0;0;248;2
2126.0;6;0;34;0.7727272510528564;0.7727272510528564;0.8602484464645386;0.8602484464645386;0.541015625;2652;0.7727272510528564;0.7727272510528564;0;0;0;1247;2
2127.0;23;14;1;1.0;1.0;1.0;1.0;0.001953125;104;1.0;1.0;0;0;0;1;2
2128.0;23;14;2;1.0;1.0;1.0;1.0;9.543212890625;208;1.0;1.0;0;0;0;3;2
2137.0;25;11;9;1.0;1.0;1.0;1.0;0.183837890625;936;1.0;1.0;0;0;0;63;2
2138.0;23;27;23;1.0;1.0;1.0;1.0;0.89404296875;2277;1.0;1.0;0;0;0;129;2
2139.0;23;27;23;1.0;1.0;1.0;1.0;0.93994140625;2277;1.0;1.0;0;0;0;152;2
2140.0;23;27;7;1.0;1.0;1.0;1.0;1.73193359375;693;1.0;1.0;0;0;0;159;2
2141.0;11;25;1;1.0;1.0;1.0;1.0;0.35107421875;104;1.0;1.0;0;0;0;1;2
2142.0;11;25;24;1.0;1.0;1.0;1.0;0.682861328125;2496;1.0;1.0;0;0;0;25;2
2143.0;11;25;3;1.0;1.0;1.0;1.0;3.01904296875;312;1.0;1.0;0;0;0;28;2
2146.0;6;11;17;1.0;1.0;1.0;1.0;2.485107421875;1768;1.0;1.0;0;0;0;17;2
2149.0;2;1;38;1.0;1.0;1.0;1.0;0.924072265625;3952;1.0;1.0;0;0;0;38;2
2150.0;2;1;3;0.1764705926179886;0.1764705926179886;0.3643973171710968;0.3643973171710968;0.31884765625;312;0.1764705926179886;0.1764705926179886;0;0;0;41;2
2150.0;20;6;14;0.8235294222831726;0.8235294222831726;0.6356026530265808;0.6356026530265808;0.55615234375;1456;0.8235294222831726;0.8235294222831726;0;0;0;62;2
2151.0;1;19;2;1.0;1.0;1.0;1.0;0.388916015625;208;1.0;1.0;0;0;0;2;2
2152.0;1;19;45;1.0;1.0;1.0;1.0;17.781005859375;4680;1.0;1.0;0;0;0;47;2
2170.0;19;10;28;1.0;1.0;1.0;1.0;1.032958984375;2912;1.0;1.0;0;0;0;28;2
2171.0;19;10;19;1.0;1.0;1.0;1.0;0.43115234375;1976;1.0;1.0;0;0;0;47;2
2172.0;19;10;6;1.0;1.0;1.0;1.0;4.19091796875;624;1.0;1.0;0;0;0;53;2
2176.0;7;8;9;0.5;0.5;0.3771032691001892;0.3771032691001892;0.279052734375;936;0.5;0.5;0;0;0;9;2
2176.0;26;25;9;0.5;0.5;0.6228967308998108;0.6228967308998108;0.4609375;936;0.5;0.5;0;0;0;9;2
2177.0;26;25;23;1.0;1.0;1.0;1.0;0.5380859375;2392;1.0;1.0;0;0;0;32;2
